full_name,politician_id,topic_key,topic_id,value,reasoning,source_url_1,source_url_2,source_url_3
Rachel Fetty Anderson,6b44e402-7ea5-4dad-b3dd-6066fab6c6f6,healthcare,e8dad4a8-eb93-4931-91f5-d8fb5d7dd529,2,"Supports investing in Medicare, Medicaid, and Tricare to ensure universal access to care, stating 'American taxpayers pay enough taxes to receive the best healthcare.' Calls for eliminating profit-driven corporations that deny physician-recommended care. Stops short of explicit single-payer endorsement, framing the goal as expanding existing public programs.",https://www.fettyandersonforsenate.com/issues,https://www.fettyandersonforsenate.com/platform,
Rachel Fetty Anderson,6b44e402-7ea5-4dad-b3dd-6066fab6c6f6,abortion,af2fdfd6-02c4-49df-b09c-cf8536f4773f,2,"Her issues page states 'All adult humans have the same human rights regardless of the nature of their reproductive capacity' and calls for ensuring 'women and gender minorities receive complete reproductive healthcare' with full 'adult autonomy over medical choices and providers.' Supports age-appropriate reproductive education and special protections for pregnant children, a firmly pro-choice stance framed in human rights language.",https://www.fettyandersonforsenate.com/issues,,
Rachel Fetty Anderson,6b44e402-7ea5-4dad-b3dd-6066fab6c6f6,fossil-fuels,a22215c3-6693-4bc2-b248-01aebba14570,3,"Encourages solar, wind, and water power development but explicitly 'recognizes coal's role in energy portfolio' — a significant concession to West Virginia's coal economy. Calls for holding companies accountable for environmental costs rather than banning extraction. This balanced position reflects WV political realities while still pushing for transition.",https://www.fettyandersonforsenate.com/issues,,
Rachel Fetty Anderson,6b44e402-7ea5-4dad-b3dd-6066fab6c6f6,climate-change,f1e44d66-5d27-4b51-b54f-b7ace86f6a3c,2,"States 'Our air, water, forests, mountains and wildlife are irreplaceable' and calls for restoring and extending environmental protections, addressing WV's water and soil contamination, and demanding reparations from polluters. Supports renewable energy development while acknowledging fossil fuel transition challenges. Aligns with investing in clean energy while gradually reducing reliance on fossil fuels.",https://www.fettyandersonforsenate.com/issues,,
Rachel Fetty Anderson,6b44e402-7ea5-4dad-b3dd-6066fab6c6f6,taxes,f7e5678d-dadd-4556-a2fc-446e24642ceb,2,"Calls for increasing marginal tax rates for earners over $500,000 annually, eliminating the 'Buy, Borrow, Die' tax loophole, and equitable distribution of tax burden across individuals, corporations, and nonprofits. States 'No one should be able to live like a king on money they borrow.' Targets high earners while protecting middle-class workers, consistent with a modest progressive tax increase stance.",https://www.fettyandersonforsenate.com/issues,https://www.fettyandersonforsenate.com/platform,
Rachel Fetty Anderson,6b44e402-7ea5-4dad-b3dd-6066fab6c6f6,civil-rights,0bc588c6-39e1-4084-b5de-cac909b8b762,2,"As Morgantown City Council Deputy Mayor, voted unanimously (7-0) to pass the CROWN Act banning racial discrimination based on hair styles, stating 'It's a privilege to be able to be in the position of doing the next right thing to make everyone in our community feel loved and cared for and welcomed.' Her platform states constitutional rights 'belong only to people and ALL people.' Supports strengthening civil rights enforcement.",https://wvpublic.org/story/government/more-work-to-do-morgantown-becomes-first-w-va-municipality-to-ban-racial-discrimination-based-on-hair-styles-textures/,https://www.fettyandersonforsenate.com/platform,
Rachel Fetty Anderson,6b44e402-7ea5-4dad-b3dd-6066fab6c6f6,immigration,4e2c69ce-591e-4197-9cd5-7aceff79d390,2,"Her human rights platform states 'Your humanity is sufficient to guarantee that the government and its actors must treat you humanely' and that 'All persons deserve due process, resources, and constitutional rights.' Calls for Congress to 'block, defund, and impeach officials violating human rights.' Framing of universal human dignity implies opposition to mass deportation, though she does not explicitly address immigration levels.",https://www.fettyandersonforsenate.com/issues,,
Rachel Fetty Anderson,6b44e402-7ea5-4dad-b3dd-6066fab6c6f6,deportation,44905f3b-e105-4f6c-afc7-5d223813dbac,2,"Her platform explicitly states 'All persons deserve due process, resources, and constitutional rights' and that 'humanity alone guarantees constitutional protections.' She calls for Congress to block officials who violate human rights, indicating opposition to mass deportation without due process. No explicit endorsement of deportation of any class of immigrants.",https://www.fettyandersonforsenate.com/issues,,
Rachel Fetty Anderson,6b44e402-7ea5-4dad-b3dd-6066fab6c6f6,campaign-finance,d2cedc52-f7b0-4e1a-bedb-f9e8dfcb8b29,2,"Her platform calls for requiring disclosure of all gifts, investments, profits, and benefits over $50 from the same source to elected officials, with clawback of undisclosed assets into Treasury. Calls for auditing Defense Department spending and foreign/corporate payments to officials. Frames corruption and undisclosed money as a core concern of her candidacy.",https://www.fettyandersonforsenate.com/platform,,
Rachel Fetty Anderson,6b44e402-7ea5-4dad-b3dd-6066fab6c6f6,childcare,86e13826-e72a-4a7c-8b76-00ef5d3ffa02,2,"Her platform calls for providing support for 'families, caregivers, and workers caring for infants, children, elders, and disabled/ill loved ones.' Her issues page states 'Infants, children and young people are the true heart and future of the United States' and prioritizes investing in child health, safety, welfare, and education through development and trauma-aware safety nets. Aligns with expanding subsidies and caregiver support.",https://www.fettyandersonforsenate.com/issues,https://www.fettyandersonforsenate.com/platform,
Rachel Fetty Anderson,6b44e402-7ea5-4dad-b3dd-6066fab6c6f6,housing,4e83c81b-e8dc-4bc0-883e-58d9defd1f52,3,"Calls for improving 'roads, bridges, parks, spillways, streets' and developing 'equitable infrastructure to support industry and job creation.' References her volunteer work with 211 focusing on housing and food insecurity services. Does not lay out an explicit federal housing program, making this a moderate stance of targeted investment rather than a federal guarantee or market-only approach.",https://www.fettyandersonforsenate.com/issues,https://www.fettyandersonforsenate.com/about,
Rachel Fetty Anderson,6b44e402-7ea5-4dad-b3dd-6066fab6c6f6,homelessness,5f6fce56-ee3f-4c6e-88f5-f5bb03b4dac9,2,"Her human rights platform calls for 'All persons deserve due process, resources, and constitutional rights,' and her volunteer background includes housing advocacy through 211 and Caritas House. Frames housing and homelessness as a human rights issue rather than an enforcement problem. Aligns with decriminalizing public homelessness and investing in shelter/services.",https://www.fettyandersonforsenate.com/issues,https://www.fettyandersonforsenate.com/about,
Rachel Fetty Anderson,6b44e402-7ea5-4dad-b3dd-6066fab6c6f6,homelessness-response,39eebceb-c382-4a11-a1f6-1fd0d28e5ebe,2,"Her platform emphasizes that 'humanity is sufficient to guarantee humane treatment by government' and calls for outreach and resources for all persons regardless of circumstances. Her service record with Caritas House (a homeless services organization) and 211 indicates prioritizing outreach, shelter, and services over enforcement as the city's primary homelessness strategy.",https://www.fettyandersonforsenate.com/about,https://www.fettyandersonforsenate.com/issues,
Rachel Fetty Anderson,6b44e402-7ea5-4dad-b3dd-6066fab6c6f6,ukraine-support,24e9212c-b011-422a-865c-093e35050901,2,"Her international relations platform states she will 'maintain alliances with democracies sharing American values and respecting human rights' and 'establish mutual aid and economic partnerships with aligned nations,' prioritizing 'trustworthiness and reliability as partners.' This language clearly supports continued aid to Ukraine as a democratic ally against Russian aggression.",https://www.fettyandersonforsenate.com/issues,,
Rachel Fetty Anderson,6b44e402-7ea5-4dad-b3dd-6066fab6c6f6,tariffs,683c8084-2281-4920-a07c-18439b2dd413,3,"Her agriculture platform calls for protecting farmers from 'market instability, foreign land takeovers, and industry monopolization,' which implies selective trade protection for agriculture. She also rejects 'energy sources requiring military operations to acquire resources,' suggesting some protectionist/self-sufficiency instincts. No explicit tariff policy stated, placing her at a moderate selective-tariff position.",https://www.fettyandersonforsenate.com/issues,,
Rachel Fetty Anderson,6b44e402-7ea5-4dad-b3dd-6066fab6c6f6,ai-regulation,14b3e358-b159-499a-97ec-b6e7397bcf5d,4,"Explicitly states 'Divestment from children, workers and creatives in pursuit of technology is unforgivable' and calls for rejecting 'speculative technologies designed to reduce workforce size.' Her technology platform demands prosecution of those permitting technology abuses and clawback of benefits for contractors. She frames AI as a threat to human labor and creative workers, aligning with closely monitoring and restricting AI deployment.",https://www.fettyandersonforsenate.com/issues,,
Rachel Fetty Anderson,6b44e402-7ea5-4dad-b3dd-6066fab6c6f6,misinformation,ddd65d64-9dc7-4208-a30f-59f4b9c0653d,3,"Her free speech platform supports journalists and a free press, holds government accountable for suppressing First Amendment rights, and calls for stopping 'corrupt media manipulation and unfair FCC licensing distribution.' She emphasizes constitutional speech protections but also criticizes platform manipulation. This suggests voluntary standards and structural reform (FCC) rather than government content removal mandates.",https://www.fettyandersonforsenate.com/issues,,
Rachel Fetty Anderson,6b44e402-7ea5-4dad-b3dd-6066fab6c6f6,religious-freedom,6b9ba6d9-1001-43f5-b073-4d37130696fd,3,"Her free speech platform calls for 'ending religious text establishment in schools,' reflecting a strict church-state separation stance. At the same time, her human rights framing is universal — protecting all people's rights. This balances protection of individual religious practice against government endorsement, consistent with a moderate stance of equal treatment under law rather than either strict prohibition or broad religious exemptions.",https://www.fettyandersonforsenate.com/issues,,
Rachel Fetty Anderson,6b44e402-7ea5-4dad-b3dd-6066fab6c6f6,school-vouchers,00b95a6a-75db-4521-b523-3326bba938de,2,"Her issues page states she will 'prioritize public education with developmentally appropriate curricula' and focuses investment on 'fundamental skills, civic knowledge, and scientific principles' within the public system. She frames children's education as a government responsibility without any mention of private school choice. Consistent with restricting vouchers to low-income families lacking adequate options at most.",https://www.fettyandersonforsenate.com/issues,,
Rachel Fetty Anderson,6b44e402-7ea5-4dad-b3dd-6066fab6c6f6,public-safety-approach,47bde7e0-d4d1-4e8f-ab25-a4a74c1c06fd,2,"As Morgantown City Council Deputy Mayor, led creation of the city's civilian police review board (voted unanimously in 2021), stating 'the most critical piece is that we will, as a community be contributing to this discussion about how policing will work in our community.' Also supported lessening marijuana possession penalties. Aligns with maintaining current police staffing while shifting non-violent calls to alternative responders.",https://wvpublic.org/story/government/morgantown-creates-civilian-police-review-board/,https://wvpublic.org/story/wvpb-news/morgantown-lessens-penalties-for-possessing-small-amounts-of-marijuana/,
Rachel Fetty Anderson,6b44e402-7ea5-4dad-b3dd-6066fab6c6f6,judicial-criminal-justice,4c0dc429-c8ce-4be5-b4c7-25e9f2e2cf22,2,"Led Morgantown's civilian police review board creation and supported reduced marijuana possession penalties, showing criminal justice reform orientation. Her human rights platform emphasizes due process for all persons and constitutional protections regardless of status. Her legal career representing domestic violence victims, children, and government benefit recipients reflects a public-interest, reform-oriented approach to the justice system.",https://wvpublic.org/story/government/morgantown-creates-civilian-police-review-board/,https://www.fettyandersonforsenate.com/issues,https://www.fettyandersonforsenate.com/about
Rachel Fetty Anderson,6b44e402-7ea5-4dad-b3dd-6066fab6c6f6,economic-development,99d3e3c4-9292-4ab7-8e29-39a94aeb1ee5,3,"Her economy platform calls for investing in 'education, infrastructure, research, and development for job creation' and opposing privatization of utilities, while also rejecting 'speculative technologies designed to reduce workforce size.' Supports low-interest loans and buyback programs for struggling farmers. Favors targeted public investment over broad corporate incentives, suggesting a middle path on economic development rather than either pure market or heavy subsidies.",https://www.fettyandersonforsenate.com/issues,,
Rachel Fetty Anderson,6b44e402-7ea5-4dad-b3dd-6066fab6c6f6,medicare/aid,cab61e8a-64fe-4bbd-bc08-fe9914d0091b,2,"Explicitly calls for investing in Medicare, Medicaid, and Tricare with universal access as a goal, and eliminating profit-based incentives that deny care. Her platform states this as a core commitment: 'Implement universal healthcare (Medicare, Medicaid, Tricare for all).' This language supports lowering Medicare eligibility age and expanding Medicaid significantly, though she does not use the phrase 'Medicare for All' explicitly.",https://www.fettyandersonforsenate.com/platform,https://www.fettyandersonforsenate.com/issues,
