class,name,district,term_end,searches,search_result,lead_type,lead_url,lead_quote,new_roster_sources,prior_roster_span,id
NO_EVIDENCE,Arturo Montez,abc unified,2024-11-30,"WebSearch: ""Arturo Montez"" OR ""Art Montez"" ABC Unified board Cerritos || Bing (browser): ""Arturo Montez"" trustee Cerritos OR Artesia","""Arturo Montez"" OR ""Art Montez"" ABC Unif... -> Art Montez = Centralia SD trustee (Ballotpedia) - name-only || ""Arturo Montez"" trustee Cerritos OR... -> no hit","OTHER BOARD, Orange County (name-only)",https://ballotpedia.org/Art_Montez,"Art Montez, Centralia School District trustee (per CA_0156)","LACOE directory board lists: 2012-13 printed directory (Wayback 2012-10-04); 2013 printed directory (Wayback 2013-01-16); online directory 2016; online directory live 2026-09-23 (name absent from all); RR/CC results 2013-2026 re-pulled, 73 elections (name not a candidate for this board)",1995-2026,e1b7f87e-cde7-408b-860a-f2e034a5dfe0
NO_EVIDENCE,Mike Seck,abc unified,2022-11-30,"WebSearch: ""Mike Seck"" ABC Unified board of education || WebSearch: ""Mike Seck"" trustee Cerritos","""Mike Seck"" ABC Unified board of educati... -> no hit (ABC pages only) || ""Mike Seck"" trustee Cerritos -> no hit",,,,"LACOE directory board lists: 2012-13 printed directory (Wayback 2012-10-04); 2013 printed directory (Wayback 2013-01-16); online directory 2016; online directory live 2026-09-23 (name absent from all); RR/CC results 2013-2026 re-pulled, 73 elections (name not a candidate for this board)",1995-2026,401d37f3-24d8-4b95-8be5-46dab72bc477
NO_EVIDENCE,Olimpia Miranda,abc unified,2024-11-30,"WebSearch: ""Olimpia Miranda"" Cerritos OR Artesia OR ""Hawaiian Gardens"" school board || WebSearch: ""Olimpia Miranda"" ABC Unified board","""Olimpia Miranda"" Cerritos OR Artesia OR... -> no hit || ""Olimpia Miranda"" ABC Unified board -> no hit",,,,"LACOE directory board lists: 2012-13 printed directory (Wayback 2012-10-04); 2013 printed directory (Wayback 2013-01-16); online directory 2016; online directory live 2026-09-23 (name absent from all); RR/CC results 2013-2026 re-pulled, 73 elections (name not a candidate for this board)",1995-2026,d142c4c9-ad9c-4003-ac48-27e035ff8f62
NO_EVIDENCE,Paula Lantz,abc unified,2024-11-30,"WebSearch: ""Paula Lantz"" trustee Cerritos OR Lakewood OR Artesia || Bing (browser): DDG ""Paula Lantz"" Pomona council || Bing (browser): ""Paula Lantz"" ""ABC Unified"" board || Bing (browser): ""Paula Lantz"" trustee Cerritos/Artesia/Lakewood school","""Paula Lantz"" trustee Cerritos OR Lakewo... -> LEAD: SCAG 2016 minutes: Paula Lantz, Pomona (SGVCOG) - other office, name-only || DDG ""Paula Lantz"" Pomona council -> Pomona Hope board; Pomona City Council D4 (Daily Bulletin 2016, GovSalaries 2013) - other office, name-only || ""Paula Lantz"" ""ABC Unified"" board -> no hit || ""Paula Lantz"" trustee Cerritos/Arte... -> no hit",OTHER OFFICE (name-only),https://govsalaries.com/paula-h-lantz-67919498,Pomona records show Paula Lantz H held job of Councilmember from 2011 to 2014.,"LACOE directory board lists: 2012-13 printed directory (Wayback 2012-10-04); 2013 printed directory (Wayback 2013-01-16); online directory 2016; online directory live 2026-09-23 (name absent from all); RR/CC results 2013-2026 re-pulled, 73 elections (name not a candidate for this board)",1995-2026,bdfbb3bc-d63c-4188-9ba2-528fa9bcf6ec
NO_EVIDENCE,Ramona Anand,abc unified,2022-11-30,"WebSearch: ""Ramona Anand"" ABC Unified Cerritos trustee || WebSearch: ""Ramona Anand""","""Ramona Anand"" ABC Unified Cerritos trus... -> no hit || ""Ramona Anand"" -> only an Ohio engineer (Lorain CCC)",,,,"LACOE directory board lists: 2012-13 printed directory (Wayback 2012-10-04); 2013 printed directory (Wayback 2013-01-16); online directory 2016; online directory live 2026-09-23 (name absent from all); RR/CC results 2013-2026 re-pulled, 73 elections (name not a candidate for this board)",1995-2026,c3b1093f-891b-4fd2-bc47-521af38f693d
NO_EVIDENCE,Sommer Foster,abc unified,2025-04-25,"WebSearch: ""Sommer Foster"" trustee Cerritos || Bing (browser): ""Sommer Foster"" trustee Cerritos/Artesia/HG","""Sommer Foster"" trustee Cerritos -> Canton Twp (MI) trustee - other office, name-only || DDG -> CAPTCHA (stopped DDG); Bing ""Somm... -> no hit","OTHER OFFICE, far away (name-only)",,Canton Township (Michigan) trustee per search results; not fetched,"LACOE directory board lists: 2012-13 printed directory (Wayback 2012-10-04); 2013 printed directory (Wayback 2013-01-16); online directory 2016; online directory live 2026-09-23 (name absent from all); RR/CC results 2013-2026 re-pulled, 73 elections (name not a candidate for this board)",1995-2026,220bbe64-4cd0-4949-b7a4-7453e316b1f0
NO_EVIDENCE,Ed Chung,arcadia unified,2023-12-31,"WebSearch: ""Ed Chung"" ""Arcadia Unified"" board of education || Bing (browser): ""Ed Chung"" trustee Arcadia","""Ed Chung"" ""Arcadia Unified"" board of ed... -> no hit || ""Ed Chung"" trustee Arcadia -> people-search only",,,,"LACOE directory board lists: 2012-13 printed directory (Wayback 2012-10-04); 2013 printed directory (Wayback 2013-01-16); online directory 2016; online directory live 2026-09-23 (name absent from all); RR/CC results 2013-2026 re-pulled, 73 elections (name not a candidate for this board)",2002 and 2019 district page snapshots + RR/CC 2020-2026,29d411a9-c672-4549-8c2e-a9b276cf8537
NO_EVIDENCE,Elizabeth Mensah,arcadia unified,2025-12-31,"WebSearch: ""Elizabeth Mensah"" Arcadia Unified board || Bing (browser): ""Elizabeth Mensah"" Arcadia school board","""Elizabeth Mensah"" Arcadia Unified board -> no hit || ""Elizabeth Mensah"" Arcadia school b... -> no hit",,,,"LACOE directory board lists: 2012-13 printed directory (Wayback 2012-10-04); 2013 printed directory (Wayback 2013-01-16); online directory 2016; online directory live 2026-09-23 (name absent from all); RR/CC results 2013-2026 re-pulled, 73 elections (name not a candidate for this board)",2002 and 2019 district page snapshots + RR/CC 2020-2026,be1c71f8-d5d9-416e-a713-35ccda7a5743
NO_EVIDENCE,Tim Tran,arcadia unified,2023-12-31,"WebSearch: ""Tim Tran"" ""Arcadia Unified"" board member || Bing (browser): ""Tim Tran"" trustee Arcadia school","""Tim Tran"" ""Arcadia Unified"" board membe... -> no hit || ""Tim Tran"" trustee Arcadia school -> no hit",,,,"LACOE directory board lists: 2012-13 printed directory (Wayback 2012-10-04); 2013 printed directory (Wayback 2013-01-16); online directory 2016; online directory live 2026-09-23 (name absent from all); RR/CC results 2013-2026 re-pulled, 73 elections (name not a candidate for this board)",2002 and 2019 district page snapshots + RR/CC 2020-2026,bf906462-f937-4d8c-b452-6555e95b4bac
NO_EVIDENCE,Ariel Mestas,baldwin park unified,2022-11-30,"WebSearch: ""Ariel Mestas"" Baldwin Park Unified board || Bing (browser): ""Ariel Mestas"" trustee ""Baldwin Park""","""Ariel Mestas"" Baldwin Park Unified boar... -> no hit || ""Ariel Mestas"" trustee ""Baldwin Par... -> no hit",,,,"LACOE directory board lists: 2012-13 printed directory (Wayback 2012-10-04); 2013 printed directory (Wayback 2013-01-16); online directory 2016; online directory live 2026-09-23 (name absent from all); RR/CC results 2013-2026 re-pulled, 73 elections (name not a candidate for this board)",2001-2026,9d2713c4-1d4f-4c40-ae35-b331e9771fa1
NO_EVIDENCE,Herman Dace,baldwin park unified,2024-11-30,"WebSearch: ""Herman Dace"" Baldwin Park Unified school board || Bing (browser): ""Herman Dace"" ""Baldwin Park""","""Herman Dace"" Baldwin Park Unified schoo... -> no hit || ""Herman Dace"" ""Baldwin Park"" -> Facebook profile only",,,,"LACOE directory board lists: 2012-13 printed directory (Wayback 2012-10-04); 2013 printed directory (Wayback 2013-01-16); online directory 2016; online directory live 2026-09-23 (name absent from all); RR/CC results 2013-2026 re-pulled, 73 elections (name not a candidate for this board)",2001-2026,74bfd93c-d707-4432-8e99-ad62a20a1235
NO_EVIDENCE,Leticia Garcia,baldwin park unified,2024-11-30,"WebSearch: ""Leticia Garcia"" ""Baldwin Park Unified"" board member trustee || Bing (browser): ""Leticia Garcia"" trustee ""Baldwin Park"" school board","""Leticia Garcia"" ""Baldwin Park Unified"" ... -> only Sacramento City USD Leticia Garcia (Ballotpedia) - name-only other district || ""Leticia Garcia"" trustee ""Baldwin P... -> Sacramento City USD only",OTHER BOARD (name-only),https://ballotpedia.org/Leticia_Garcia_(California_school_board_member),Leticia Garcia was a member of the Sacramento City Unified School District school board,"LACOE directory board lists: 2012-13 printed directory (Wayback 2012-10-04); 2013 printed directory (Wayback 2013-01-16); online directory 2016; online directory live 2026-09-23 (name absent from all); RR/CC results 2013-2026 re-pulled, 73 elections (name not a candidate for this board)",2001-2026,090f3cb2-20e9-42a9-872e-80081f3b5bfe
NO_EVIDENCE,Mario Ventura Rodriguez,baldwin park unified,2024-11-30,"WebSearch: ""Mario Ventura Rodriguez"" OR ""Mario V. Rodriguez"" Baldwin Park Unified board || Bing (browser): ""Mario Rodriguez"" trustee ""Baldwin Park Unified""","""Mario Ventura Rodriguez"" OR ""Mario V. R... -> no hit || ""Mario Rodriguez"" trustee ""Baldwin ... -> no hit",,,,"LACOE directory board lists: 2012-13 printed directory (Wayback 2012-10-04); 2013 printed directory (Wayback 2013-01-16); online directory 2016; online directory live 2026-09-23 (name absent from all); RR/CC results 2013-2026 re-pulled, 73 elections (name not a candidate for this board)",2001-2026,93989522-c68e-4187-bf11-99afb673473f
NO_EVIDENCE,Cindy Rosenberger,bellflower unified,2024-11-30,"WebSearch: ""Cindy Rosenberger"" Bellflower Unified board of education || Bing (browser): ""Cindy Rosenberger"" trustee Bellflower","""Cindy Rosenberger"" Bellflower Unified b... -> no hit || ""Cindy Rosenberger"" trustee Bellflo... -> people-search only",,,,"LACOE directory board lists: 2012-13 printed directory (Wayback 2012-10-04); 2013 printed directory (Wayback 2013-01-16); online directory 2016; online directory live 2026-09-23 (name absent from all); RR/CC results 2013-2026 re-pulled, 73 elections (name not a candidate for this board)","2005-2018 sampled (district page snapshots 2005, 2007, 2010, 2016, 2018) + RR/CC 2018-2026 + 2021/2022 agendas",6edc2e44-f7f7-4212-8746-03112a933be3
NO_EVIDENCE,Joseph Santoyo,bellflower unified,2022-11-30,"WebSearch: ""Joseph Santoyo"" Bellflower Unified board member || Bing (browser): ""Joseph Santoyo"" trustee Bellflower","""Joseph Santoyo"" Bellflower Unified boar... -> no hit || ""Joseph Santoyo"" trustee Bellflower -> LA County social worker (ZoomInfo); no board tie",,,,"LACOE directory board lists: 2012-13 printed directory (Wayback 2012-10-04); 2013 printed directory (Wayback 2013-01-16); online directory 2016; online directory live 2026-09-23 (name absent from all); RR/CC results 2013-2026 re-pulled, 73 elections (name not a candidate for this board)","2005-2018 sampled (district page snapshots 2005, 2007, 2010, 2016, 2018) + RR/CC 2018-2026 + 2021/2022 agendas",688fdc43-4d61-48c8-9216-c5cccf722a47
NO_EVIDENCE,Patricia Avalos,bellflower unified,2022-11-30,"WebSearch: ""Patricia Avalos"" ""Bellflower Unified"" board of education trustee || Bing (browser): ""Patricia Avalos"" trustee Bellflower school board","""Patricia Avalos"" ""Bellflower Unified"" b... -> no hit || ""Patricia Avalos"" trustee Bellflowe... -> people-search (Bellflower resident) only",,,,"LACOE directory board lists: 2012-13 printed directory (Wayback 2012-10-04); 2013 printed directory (Wayback 2013-01-16); online directory 2016; online directory live 2026-09-23 (name absent from all); RR/CC results 2013-2026 re-pulled, 73 elections (name not a candidate for this board)","2005-2018 sampled (district page snapshots 2005, 2007, 2010, 2016, 2018) + RR/CC 2018-2026 + 2021/2022 agendas",b0f48347-625e-4b16-8ac1-e05363219688
NO_EVIDENCE,Rebecca Petz,bellflower unified,2024-11-30,"WebSearch: ""Rebecca Petz"" Bellflower Unified board || Bing (browser): ""Rebecca Petz"" Bellflower","""Rebecca Petz"" Bellflower Unified board -> no hit || ""Rebecca Petz"" Bellflower -> social profiles only",,,,"LACOE directory board lists: 2012-13 printed directory (Wayback 2012-10-04); 2013 printed directory (Wayback 2013-01-16); online directory 2016; online directory live 2026-09-23 (name absent from all); RR/CC results 2013-2026 re-pulled, 73 elections (name not a candidate for this board)","2005-2018 sampled (district page snapshots 2005, 2007, 2010, 2016, 2018) + RR/CC 2018-2026 + 2021/2022 agendas",fe5803dd-c13f-4a9a-9c9e-c433a1c390a9
NO_EVIDENCE,Sheila Lichtblau,bellflower unified,2022-11-30,"WebSearch: ""Sheila Lichtblau"" Bellflower Unified school board || Bing (browser): ""Sheila Lichtblau"" Bellflower","""Sheila Lichtblau"" Bellflower Unified sc... -> no hit || ""Sheila Lichtblau"" Bellflower -> Marin judge; ran for Marin County Bd of Ed TA1 (pastelections.marincounty.gov) - name-only other office",OTHER OFFICE (name-only),,Marin County Superior Court judge; ran for Marin County Board of Education TA1 (pastelections.marincounty.gov),"LACOE directory board lists: 2012-13 printed directory (Wayback 2012-10-04); 2013 printed directory (Wayback 2013-01-16); online directory 2016; online directory live 2026-09-23 (name absent from all); RR/CC results 2013-2026 re-pulled, 73 elections (name not a candidate for this board)","2005-2018 sampled (district page snapshots 2005, 2007, 2010, 2016, 2018) + RR/CC 2018-2026 + 2021/2022 agendas",2000e3c6-9634-4591-97ce-ad9d21274e5e
NO_EVIDENCE,Svetlana Shagalov,beverly hills unified,2024-11-30,"WebSearch: ""Svetlana Shagalov"" Beverly Hills Unified board || Bing (browser): ""Svetlana Shagalov"" || Bing (browser): ""Shagalov"" trustee ""Beverly Hills""","""Svetlana Shagalov"" Beverly Hills Unifie... -> no hit || ""Svetlana Shagalov"" -> Bing: ""There are no results"" (zero on whole web) || ""Shagalov"" trustee ""Beverly Hills"" -> NYC realtor Anna Shagalov; no tie",,,,"LACOE directory board lists: 2012-13 printed directory (Wayback 2012-10-04); 2013 printed directory (Wayback 2013-01-16); online directory 2016; online directory live 2026-09-23 (name absent from all); RR/CC results 2013-2026 re-pulled, 73 elections (name not a candidate for this board)",snapshots 2009-10 and 2014-15 only; RR/CC 2018-2026,9ddd1703-dbaa-4ec6-8a6b-0ec1ef4ae106
NO_EVIDENCE,Adam Schur,burbank unified,2024-11-30,"WebSearch: ""Adam Schur"" Burbank Unified board of education || Bing (browser): ""Adam Schur"" trustee Burbank","""Adam Schur"" Burbank Unified board of ed... -> no hit || ""Adam Schur"" trustee Burbank -> NY financial advisor only",,,,"LACOE directory board lists: 2012-13 printed directory (Wayback 2012-10-04); 2013 printed directory (Wayback 2013-01-16); online directory 2016; online directory live 2026-09-23 (name absent from all); RR/CC results 2013-2026 re-pulled, 73 elections (name not a candidate for this board)","2005, 2011-2015, 2020-2026 (gaps 2006-2010, 2016-2019)",9cab21a6-f107-4789-bcd1-b5b1e6cd7a15
NO_EVIDENCE,Charlene Stiles,burbank unified,2025-10-15,"WebSearch: ""Charlene Stiles"" Burbank Unified board || Bing (browser): ""Charlene Stiles"" Burbank","""Charlene Stiles"" Burbank Unified board -> only Charlene Tabet (real trustee 2013-2025, resigned Sept 2025, felony charge) || ""Charlene Stiles"" Burbank -> people-search only",GARBLE of real trustee?,,search results return only Charlene Tabet (BUSD 2013-2025); no 'Charlene Stiles' on any BUSD source,"LACOE directory board lists: 2012-13 printed directory (Wayback 2012-10-04); 2013 printed directory (Wayback 2013-01-16); online directory 2016; online directory live 2026-09-23 (name absent from all); RR/CC results 2013-2026 re-pulled, 73 elections (name not a candidate for this board)","2005, 2011-2015, 2020-2026 (gaps 2006-2010, 2016-2019)",352826a5-7a8a-4f18-980d-a3a655f17720
NO_EVIDENCE,Anita Torres,charter oak unified,2022-12-14,"WebSearch: ""Anita Torres"" ""Charter Oak Unified"" board || Bing (browser): ""Anita Torres"" trustee Covina ""Charter Oak""","""Anita Torres"" ""Charter Oak Unified"" boa... -> no hit || ""Anita Torres"" trustee Covina ""Char... -> no hit",,,,"LACOE directory board lists: 2012-13 printed directory (Wayback 2012-10-04); 2013 printed directory (Wayback 2013-01-16); online directory 2016; online directory live 2026-09-23 (name absent from all); RR/CC results 2013-2026 re-pulled, 73 elections (name not a candidate for this board)","2016, 2018-2026 (pre-2016 not established)",2551c624-92bb-4510-8770-e7e10d29c143
NO_EVIDENCE,Lisa Gonzalez,charter oak unified,2024-12-18,"WebSearch: ""Lisa Gonzalez"" ""Charter Oak Unified"" board member || Bing (browser): ""Lisa Gonzalez"" trustee ""Charter Oak"" Covina","""Lisa Gonzalez"" ""Charter Oak Unified"" bo... -> no hit || ""Lisa Gonzalez"" trustee ""Charter Oa... -> no hit",,,,"LACOE directory board lists: 2012-13 printed directory (Wayback 2012-10-04); 2013 printed directory (Wayback 2013-01-16); online directory 2016; online directory live 2026-09-23 (name absent from all); RR/CC results 2013-2026 re-pulled, 73 elections (name not a candidate for this board)","2016, 2018-2026 (pre-2016 not established)",3406623a-e942-4677-b154-541c4c05fbc9
NO_EVIDENCE,Marcia Riddick,charter oak unified,2024-12-18,"WebSearch: ""Marcia Riddick"" Charter Oak Unified board || Bing (browser): ""Marcia Riddick"" trustee Covina","""Marcia Riddick"" Charter Oak Unified boa... -> no hit || ""Marcia Riddick"" trustee Covina -> people-search; Boston realtor",,,,"LACOE directory board lists: 2012-13 printed directory (Wayback 2012-10-04); 2013 printed directory (Wayback 2013-01-16); online directory 2016; online directory live 2026-09-23 (name absent from all); RR/CC results 2013-2026 re-pulled, 73 elections (name not a candidate for this board)","2016, 2018-2026 (pre-2016 not established)",0b2c8789-97c0-40e7-927a-c40f01309d3c
NO_EVIDENCE,Tim Nader,charter oak unified,2022-12-14,"WebSearch: ""Tim Nader"" Charter Oak Unified school board || Bing (browser): ""Tim Nader"" trustee Covina OR Glendora","""Tim Nader"" Charter Oak Unified school b... -> no hit || ""Tim Nader"" trustee Covina OR Glend... -> no hit",,,,"LACOE directory board lists: 2012-13 printed directory (Wayback 2012-10-04); 2013 printed directory (Wayback 2013-01-16); online directory 2016; online directory live 2026-09-23 (name absent from all); RR/CC results 2013-2026 re-pulled, 73 elections (name not a candidate for this board)","2016, 2018-2026 (pre-2016 not established)",29fe6345-0c50-478a-b674-c0868ec29def
NO_EVIDENCE,Amy Rottschafer,covina valley unified,2024-11-30,"WebSearch: ""Amy Rottschafer"" Covina-Valley Unified board || Bing (browser): ""Amy Rottschafer"" Covina","""Amy Rottschafer"" Covina-Valley Unified ... -> no hit || ""Amy Rottschafer"" Covina -> no hit (zero exact)",,,,"LACOE directory board lists: 2012-13 printed directory (Wayback 2012-10-04); 2013 printed directory (Wayback 2013-01-16); online directory 2016; online directory live 2026-09-23 (name absent from all); RR/CC results 2013-2026 re-pulled, 73 elections (name not a candidate for this board)",2001-2026,f0e9775a-f691-4fe8-84dc-d8f9c5e301c7
NO_EVIDENCE,Cheryl Cox,covina valley unified,2022-11-30,"WebSearch: ""Cheryl Cox"" ""Covina-Valley Unified"" board of education || Bing (browser): ""Cheryl Cox"" trustee Covina","""Cheryl Cox"" ""Covina-Valley Unified"" boa... -> no hit || ""Cheryl Cox"" trustee Covina -> only Chula Vista mayor (Wikipedia) - name-only","OTHER OFFICE, far away (name-only)",,"Chula Vista mayor 2006-2014 (Wikipedia, per CA_0156); DB carries a confirmed Cal-Access link COX FOR MAYOR, CHERYL (1283795)","LACOE directory board lists: 2012-13 printed directory (Wayback 2012-10-04); 2013 printed directory (Wayback 2013-01-16); online directory 2016; online directory live 2026-09-23 (name absent from all); RR/CC results 2013-2026 re-pulled, 73 elections (name not a candidate for this board)",2001-2026,06b5dac4-73b6-44a3-a279-77b1758a6163
NO_EVIDENCE,John Garcia,covina valley unified,2024-11-30,"WebSearch: ""John Garcia"" ""Covina-Valley Unified"" board member trustee || Bing (browser): ""John Garcia"" trustee Covina school board","""John Garcia"" ""Covina-Valley Unified"" bo... -> no hit || ""John Garcia"" trustee Covina school... -> Petaluma JUHSD candidate; Covina residents (people-search)",,,,"LACOE directory board lists: 2012-13 printed directory (Wayback 2012-10-04); 2013 printed directory (Wayback 2013-01-16); online directory 2016; online directory live 2026-09-23 (name absent from all); RR/CC results 2013-2026 re-pulled, 73 elections (name not a candidate for this board)",2001-2026,5a521a16-f581-47a0-90eb-1a44434e705b
NO_EVIDENCE,Sam Payán,covina valley unified,2024-11-30,"WebSearch: ""Sam Payan"" Covina Valley Unified school board trustee || Bing (browser): ""Sam Payan"" trustee Covina","""Sam Payan"" Covina Valley Unified school... -> no hit || ""Sam Payan"" trustee Covina -> people-search (Fontana) only",,,,"LACOE directory board lists: 2012-13 printed directory (Wayback 2012-10-04); 2013 printed directory (Wayback 2013-01-16); online directory 2016; online directory live 2026-09-23 (name absent from all); RR/CC results 2013-2026 re-pulled, 73 elections (name not a candidate for this board)",2001-2026,22763240-b5c9-4ad9-912a-a94cb23db695
NO_EVIDENCE,Diego Cardenas,el rancho unified,2022-11-30,"WebSearch: ""Diego Cardenas"" ""El Rancho Unified"" board || Bing (browser): ""Diego Cardenas"" trustee ""Pico Rivera""","""Diego Cardenas"" ""El Rancho Unified"" boa... -> no hit || ""Diego Cardenas"" trustee ""Pico Rive... -> no hit",,,,"LACOE directory board lists: 2012-13 printed directory (Wayback 2012-10-04); 2013 printed directory (Wayback 2013-01-16); online directory 2016; online directory live 2026-09-23 (name absent from all); RR/CC results 2013-2026 re-pulled, 73 elections (name not a candidate for this board)","2000-2015 sampled (district pages 2000, 2003, 2006, 2009; minutes Dec 2010, Dec 2013; highlights Feb 2015) + RR/CC 2018-2026",134cc13a-f45a-442c-9946-4cfe893c46b8
NO_EVIDENCE,Gloria Negrete-Mendoza,el rancho unified,2024-11-30,"WebSearch: ""Gloria Negrete-Mendoza"" El Rancho Unified board || Bing (browser): ""Negrete-Mendoza"" ""Pico Rivera""","""Gloria Negrete-Mendoza"" El Rancho Unifi... -> only Gloria Negrete McLeod (different name) || ""Negrete-Mendoza"" ""Pico Rivera"" -> no hit",,,,"LACOE directory board lists: 2012-13 printed directory (Wayback 2012-10-04); 2013 printed directory (Wayback 2013-01-16); online directory 2016; online directory live 2026-09-23 (name absent from all); RR/CC results 2013-2026 re-pulled, 73 elections (name not a candidate for this board)","2000-2015 sampled (district pages 2000, 2003, 2006, 2009; minutes Dec 2010, Dec 2013; highlights Feb 2015) + RR/CC 2018-2026",84869bde-6410-46f0-bbe2-1315cd5c017b
NO_EVIDENCE,Lesley Chavez Magan,el rancho unified,2022-11-30,"WebSearch: ""Lesley Chavez Magan"" OR ""Lesley Magan"" El Rancho Unified board || Bing (browser): ""Lesley Magan"" ""Pico Rivera""","""Lesley Chavez Magan"" OR ""Lesley Magan"" ... -> no hit || ""Lesley Magan"" ""Pico Rivera"" -> no hit",,,,"LACOE directory board lists: 2012-13 printed directory (Wayback 2012-10-04); 2013 printed directory (Wayback 2013-01-16); online directory 2016; online directory live 2026-09-23 (name absent from all); RR/CC results 2013-2026 re-pulled, 73 elections (name not a candidate for this board)","2000-2015 sampled (district pages 2000, 2003, 2006, 2009; minutes Dec 2010, Dec 2013; highlights Feb 2015) + RR/CC 2018-2026",4956d410-f77a-43f8-92c8-e8827e50a17a
NO_EVIDENCE,Raquel Otiniano,el rancho unified,2022-11-30,"WebSearch: ""Raquel Otiniano"" El Rancho Unified school board || Bing (browser): ""Raquel Otiniano"" trustee ""Pico Rivera""","""Raquel Otiniano"" El Rancho Unified scho... -> no hit || ""Raquel Otiniano"" trustee ""Pico Riv... -> no hit",,,,"LACOE directory board lists: 2012-13 printed directory (Wayback 2012-10-04); 2013 printed directory (Wayback 2013-01-16); online directory 2016; online directory live 2026-09-23 (name absent from all); RR/CC results 2013-2026 re-pulled, 73 elections (name not a candidate for this board)","2000-2015 sampled (district pages 2000, 2003, 2006, 2009; minutes Dec 2010, Dec 2013; highlights Feb 2015) + RR/CC 2018-2026",ea4552a4-3112-4089-9902-1630715cba97
NO_EVIDENCE,Tony Fuerte,el rancho unified,2024-11-30,"WebSearch: ""Tony Fuerte"" El Rancho Unified board of education || Bing (browser): ""Tony Fuerte"" trustee ""Pico Rivera""","""Tony Fuerte"" El Rancho Unified board of... -> no hit || ""Tony Fuerte"" trustee ""Pico Rivera"" -> people-search only",,,,"LACOE directory board lists: 2012-13 printed directory (Wayback 2012-10-04); 2013 printed directory (Wayback 2013-01-16); online directory 2016; online directory live 2026-09-23 (name absent from all); RR/CC results 2013-2026 re-pulled, 73 elections (name not a candidate for this board)","2000-2015 sampled (district pages 2000, 2003, 2006, 2009; minutes Dec 2010, Dec 2013; highlights Feb 2015) + RR/CC 2018-2026",cbe120bb-0a1a-43ff-ad68-87406b499964
NO_EVIDENCE,Al Winkler,el segundo unified,2022-11-30,"WebSearch: ""Al Winkler"" El Segundo Unified board of education || Bing (browser): ""Al Winkler"" trustee ""El Segundo""","""Al Winkler"" El Segundo Unified board of... -> no hit || ""Al Winkler"" trustee ""El Segundo"" -> USS Cod memorial trustee (Cleveland) - unrelated",,,,"LACOE directory board lists: 2012-13 printed directory (Wayback 2012-10-04); 2013 printed directory (Wayback 2013-01-16); online directory 2016; online directory live 2026-09-23 (name absent from all); RR/CC results 2013-2026 re-pulled, 73 elections (name not a candidate for this board)",1991-2026,81154d3e-fe2c-4864-a341-5c8c8538e4b6
NO_EVIDENCE,Amanda Grossman,el segundo unified,2022-11-30,"WebSearch: ""Amanda Grossman"" El Segundo Unified board || Bing (browser): ""Amanda Grossman"" trustee ""El Segundo""","""Amanda Grossman"" El Segundo Unified boa... -> no hit (USGBC analyst only) || ""Amanda Grossman"" trustee ""El Segun... -> no hit",,,,"LACOE directory board lists: 2012-13 printed directory (Wayback 2012-10-04); 2013 printed directory (Wayback 2013-01-16); online directory 2016; online directory live 2026-09-23 (name absent from all); RR/CC results 2013-2026 re-pulled, 73 elections (name not a candidate for this board)",1991-2026,1bef4877-5dec-4460-ad79-a7ecb186c1b8
NO_EVIDENCE,Christian Thomas,el segundo unified,2022-11-30,"WebSearch: ""Christian Thomas"" ""El Segundo Unified"" board member || Bing (browser): ""Christian Thomas"" trustee ""El Segundo"" school","""Christian Thomas"" ""El Segundo Unified"" ... -> no hit || ""Christian Thomas"" trustee ""El Segu... -> no hit",,,,"LACOE directory board lists: 2012-13 printed directory (Wayback 2012-10-04); 2013 printed directory (Wayback 2013-01-16); online directory 2016; online directory live 2026-09-23 (name absent from all); RR/CC results 2013-2026 re-pulled, 73 elections (name not a candidate for this board)",1991-2026,c7a69d69-20b9-4d54-ab4a-33198c9f7c78
NO_EVIDENCE,Dave Horner,el segundo unified,2024-11-30,"WebSearch: ""Dave Horner"" OR ""David Horner"" El Segundo Unified school board || Bing (browser): ""Dave Horner"" trustee ""El Segundo""","""Dave Horner"" OR ""David Horner"" El Segun... -> no hit || ""Dave Horner"" trustee ""El Segundo"" -> no hit (Lakeside trucking co.)",,,,"LACOE directory board lists: 2012-13 printed directory (Wayback 2012-10-04); 2013 printed directory (Wayback 2013-01-16); online directory 2016; online directory live 2026-09-23 (name absent from all); RR/CC results 2013-2026 re-pulled, 73 elections (name not a candidate for this board)",1991-2026,d0f59905-f5e3-4e38-a3df-2dc6fb51a4a4
NO_EVIDENCE,Bob Gard,glendora unified,2022-12-11,"WebSearch: ""Bob Gard"" Glendora Unified board of education || Bing (browser): ""Bob Gard"" trustee Glendora","""Bob Gard"" Glendora Unified board of edu... -> no hit || ""Bob Gard"" trustee Glendora -> people-search (Huntington Beach) only",,,,"LACOE directory board lists: 2012-13 printed directory (Wayback 2012-10-04); 2013 printed directory (Wayback 2013-01-16); online directory 2016; online directory live 2026-09-23 (name absent from all); RR/CC results 2013-2026 re-pulled, 73 elections (name not a candidate for this board)",1999-2026,0136184a-71a4-48cf-b3f0-52beb7da6038
NO_EVIDENCE,Dawn Sherrill,glendora unified,2022-12-11,"WebSearch: ""Dawn Sherrill"" Glendora Unified board || Bing (browser): ""Dawn Sherrill"" trustee Glendora","""Dawn Sherrill"" Glendora Unified board -> no hit (Cincinnati engineer) || ""Dawn Sherrill"" trustee Glendora -> people-search (FL) only",,,,"LACOE directory board lists: 2012-13 printed directory (Wayback 2012-10-04); 2013 printed directory (Wayback 2013-01-16); online directory 2016; online directory live 2026-09-23 (name absent from all); RR/CC results 2013-2026 re-pulled, 73 elections (name not a candidate for this board)",1999-2026,215f92ac-46d3-4b48-9567-62ecbc9ed45c
NO_EVIDENCE,Randy Battenfield,glendora unified,2022-12-11,"WebSearch: ""Randy Battenfield"" Glendora Unified school board || Bing (browser): ""Randy Battenfield"" Glendora","""Randy Battenfield"" Glendora Unified sch... -> no hit || ""Randy Battenfield"" Glendora -> people-search (TX/OK) only",,,,"LACOE directory board lists: 2012-13 printed directory (Wayback 2012-10-04); 2013 printed directory (Wayback 2013-01-16); online directory 2016; online directory live 2026-09-23 (name absent from all); RR/CC results 2013-2026 re-pulled, 73 elections (name not a candidate for this board)",1999-2026,12223b4f-15c1-4852-9e2a-d1d04ff7c165
NO_EVIDENCE,Stephanie Harding,glendora unified,2024-12-08,"WebSearch: ""Stephanie Harding"" ""Glendora Unified"" board member || Bing (browser): ""Stephanie Harding"" trustee Glendora","""Stephanie Harding"" ""Glendora Unified"" b... -> no hit || ""Stephanie Harding"" trustee Glendor... -> people-search only",,,,"LACOE directory board lists: 2012-13 printed directory (Wayback 2012-10-04); 2013 printed directory (Wayback 2013-01-16); online directory 2016; online directory live 2026-09-23 (name absent from all); RR/CC results 2013-2026 re-pulled, 73 elections (name not a candidate for this board)",1999-2026,4e21995f-5d6b-44ca-aac6-bef3a65dcfc9
NO_EVIDENCE,Dorothy Chi,hacienda la puente unified,2024-12-16,"WebSearch: ""Dorothy Chi"" ""Hacienda La Puente"" board of education || Bing (browser): ""Dorothy Chi"" trustee ""Hacienda Heights""","""Dorothy Chi"" ""Hacienda La Puente"" board... -> no hit || ""Dorothy Chi"" trustee ""Hacienda Hei... -> no hit",,,,"LACOE directory board lists: 2012-13 printed directory (Wayback 2012-10-04); 2013 printed directory (Wayback 2013-01-16); online directory 2016; online directory live 2026-09-23 (name absent from all); RR/CC results 2013-2026 re-pulled, 73 elections (name not a candidate for this board)","1997, 2002, 2011-2026 (gap 2003-2010)",c5942060-6b40-46f0-8518-9d6aa0e55307
NO_EVIDENCE,Eduardo Arreola,hacienda la puente unified,2022-12-12,"WebSearch: ""Eduardo Arreola"" Hacienda La Puente Unified board || Bing (browser): ""Eduardo Arreola"" trustee ""La Puente""","""Eduardo Arreola"" Hacienda La Puente Uni... -> no hit || ""Eduardo Arreola"" trustee ""La Puent... -> no hit",,,,"LACOE directory board lists: 2012-13 printed directory (Wayback 2012-10-04); 2013 printed directory (Wayback 2013-01-16); online directory 2016; online directory live 2026-09-23 (name absent from all); RR/CC results 2013-2026 re-pulled, 73 elections (name not a candidate for this board)","1997, 2002, 2011-2026 (gap 2003-2010)",b59c2b42-0cc7-4120-91bd-ea078bb4f248
NO_EVIDENCE,Gloria Mercado-Vega,hacienda la puente unified,2022-12-12,"WebSearch: ""Gloria Mercado-Vega"" OR ""Gloria Mercado Vega"" Hacienda La Puente || Bing (browser): ""Mercado-Vega"" ""La Puente""","""Gloria Mercado-Vega"" OR ""Gloria Mercado... -> no hit || ""Mercado-Vega"" ""La Puente"" -> no hit",,,,"LACOE directory board lists: 2012-13 printed directory (Wayback 2012-10-04); 2013 printed directory (Wayback 2013-01-16); online directory 2016; online directory live 2026-09-23 (name absent from all); RR/CC results 2013-2026 re-pulled, 73 elections (name not a candidate for this board)","1997, 2002, 2011-2026 (gap 2003-2010)",3497ebda-ffab-4987-bf69-d59bcbd3eb82
NO_EVIDENCE,Jorge Blanco,hacienda la puente unified,NO_TERM,"WebSearch: ""Jorge Blanco"" ""Hacienda La Puente Unified"" board member || Bing (browser): ""Jorge Blanco"" trustee ""La Puente"" school","""Jorge Blanco"" ""Hacienda La Puente Unifi... -> no hit || ""Jorge Blanco"" trustee ""La Puente"" ... -> no hit",,,,"LACOE directory board lists: 2012-13 printed directory (Wayback 2012-10-04); 2013 printed directory (Wayback 2013-01-16); online directory 2016; online directory live 2026-09-23 (name absent from all); RR/CC results 2013-2026 re-pulled, 73 elections (name not a candidate for this board)","1997, 2002, 2011-2026 (gap 2003-2010)",6acf611b-8790-4e1f-bb08-05164ae18981
NO_EVIDENCE,Kathleen Reynen,hacienda la puente unified,2022-12-12,"WebSearch: ""Kathleen Reynen"" Hacienda La Puente school board || Bing (browser): ""Kathleen Reynen""","""Kathleen Reynen"" Hacienda La Puente sch... -> no hit || ""Kathleen Reynen"" -> social/people-search (FL/OK) only",,,,"LACOE directory board lists: 2012-13 printed directory (Wayback 2012-10-04); 2013 printed directory (Wayback 2013-01-16); online directory 2016; online directory live 2026-09-23 (name absent from all); RR/CC results 2013-2026 re-pulled, 73 elections (name not a candidate for this board)","1997, 2002, 2011-2026 (gap 2003-2010)",4e7828d8-5046-483a-9d71-58cc2d5c0f4c
NO_EVIDENCE,Samuel Lee,hacienda la puente unified,2024-12-16,"WebSearch: ""Samuel Lee"" ""Hacienda La Puente Unified"" board member trustee || Bing (browser): ""Samuel Lee"" trustee ""Hacienda Heights"" school board","""Samuel Lee"" ""Hacienda La Puente Unified... -> no hit || ""Samuel Lee"" trustee ""Hacienda Heig... -> no hit",,,,"LACOE directory board lists: 2012-13 printed directory (Wayback 2012-10-04); 2013 printed directory (Wayback 2013-01-16); online directory 2016; online directory live 2026-09-23 (name absent from all); RR/CC results 2013-2026 re-pulled, 73 elections (name not a candidate for this board)","1997, 2002, 2011-2026 (gap 2003-2010)",97aabe4f-794c-4617-8518-cfefe2cd91b7
NO_EVIDENCE,Damien Straughn,inglewood unified,2022-11-30,"WebSearch: ""Damien Straughn"" Inglewood Unified board || Bing (browser): ""Damien Straughn""","""Damien Straughn"" Inglewood Unified boar... -> no hit || ""Damien Straughn"" -> social profile only",,,,"LACOE directory board lists: 2012-13 printed directory (Wayback 2012-10-04); 2013 printed directory (Wayback 2013-01-16); online directory 2016; online directory live 2026-09-23 (name absent from all); RR/CC results 2013-2026 re-pulled, 73 elections (name not a candidate for this board)","2006 (district members.htm snapshot, all 5 seats); 2013-2026 partial (Ballotpedia 2017/2024/2026 + member list; RR/CC 2020)",002969f3-e8cf-4c1e-8ee9-bc855b0f39ac
NO_EVIDENCE,Guillermo Vega Jr.,inglewood unified,2024-11-30,"WebSearch: ""Guillermo Vega"" ""Inglewood Unified"" board member || Bing (browser): ""Guillermo Vega Jr."" Lynwood OR Inglewood","""Guillermo Vega"" ""Inglewood Unified"" boa... -> LEAD: Transparent California 2024: ""Guillermo Vega Jr."" = Lynwood USD employee (other role, name-only) || ""Guillermo Vega Jr."" Lynwood OR Ing... -> no hit","OTHER ROLE (name-only, not fetched)",https://transparentcalifornia.com/salaries/2024/school-districts/los-angeles/lynwood-unified/guillermo-vega-jr/,"search-result title only: ""Guillermo Vega Jr. | Transparent California"" (Lynwood Unified 2024 salaries); page not fetched","LACOE directory board lists: 2012-13 printed directory (Wayback 2012-10-04); 2013 printed directory (Wayback 2013-01-16); online directory 2016; online directory live 2026-09-23 (name absent from all); RR/CC results 2013-2026 re-pulled, 73 elections (name not a candidate for this board)","2006 (district members.htm snapshot, all 5 seats); 2013-2026 partial (Ballotpedia 2017/2024/2026 + member list; RR/CC 2020)",0e648516-55fc-4773-ba51-65da7d3c9fda
NO_EVIDENCE,Maria Escobedo,inglewood unified,2024-11-30,"WebSearch: ""Maria Escobedo"" ""Inglewood Unified"" board of education || Bing (browser): ""Maria Escobedo"" trustee Inglewood","""Maria Escobedo"" ""Inglewood Unified"" boa... -> no hit || ""Maria Escobedo"" trustee Inglewood -> people-search (Inglewood resident) only",,,,"LACOE directory board lists: 2012-13 printed directory (Wayback 2012-10-04); 2013 printed directory (Wayback 2013-01-16); online directory 2016; online directory live 2026-09-23 (name absent from all); RR/CC results 2013-2026 re-pulled, 73 elections (name not a candidate for this board)","2006 (district members.htm snapshot, all 5 seats); 2013-2026 partial (Ballotpedia 2017/2024/2026 + member list; RR/CC 2020)",1d9d72c9-4a06-41eb-8196-a09f879dce80
NO_EVIDENCE,Yvonne Gallegos,inglewood unified,2022-11-30,"WebSearch: ""Yvonne Gallegos"" Inglewood Unified school board || Bing (browser): ""Yvonne Gallegos"" trustee Inglewood","""Yvonne Gallegos"" Inglewood Unified scho... -> no hit || ""Yvonne Gallegos"" trustee Inglewood -> FL realtor; no tie",,,,"LACOE directory board lists: 2012-13 printed directory (Wayback 2012-10-04); 2013 printed directory (Wayback 2013-01-16); online directory 2016; online directory live 2026-09-23 (name absent from all); RR/CC results 2013-2026 re-pulled, 73 elections (name not a candidate for this board)","2006 (district members.htm snapshot, all 5 seats); 2013-2026 partial (Ballotpedia 2017/2024/2026 + member list; RR/CC 2020)",7ea7b7b1-fa32-4652-82a4-4d6f67ad1127
NO_EVIDENCE,Brian Riddick,la canada unified,2024-11-30,"WebSearch: ""Brian Riddick"" La Canada Unified board || Bing (browser): ""Brian Riddick"" ""La Canada""","""Brian Riddick"" La Canada Unified board -> no hit (Chicago charter / Save Mart LinkedIn) || ""Brian Riddick"" ""La Canada"" -> Bing: no results",,,,"LACOE directory board lists: 2012-13 printed directory (Wayback 2012-10-04); 2013 printed directory (Wayback 2013-01-16); online directory 2016; online directory live 2026-09-23 (name absent from all); RR/CC results 2013-2026 re-pulled, 73 elections (name not a candidate for this board)",2000-2026,9f240574-48a1-44f7-9728-712ade528e84
NO_EVIDENCE,Darleen Ramos,la canada unified,2022-11-30,"WebSearch: ""Darleen Ramos"" La Canada Unified board || Bing (browser): ""Darleen Ramos"" ""La Canada""","""Darleen Ramos"" La Canada Unified board -> no hit || ""Darleen Ramos"" ""La Canada"" -> people-search only",,,,"LACOE directory board lists: 2012-13 printed directory (Wayback 2012-10-04); 2013 printed directory (Wayback 2013-01-16); online directory 2016; online directory live 2026-09-23 (name absent from all); RR/CC results 2013-2026 re-pulled, 73 elections (name not a candidate for this board)",2000-2026,0720ce76-332a-4817-b887-2e7599934f64
NO_EVIDENCE,Diana Carey,la canada unified,2022-11-30,"WebSearch: ""Diana Carey"" ""La Canada Unified"" board || Bing (browser): ""Diana Carey"" ""La Canada Flintridge""","""Diana Carey"" ""La Canada Unified"" board -> only Diana Lee Carey, HBUHSD (OC) trustee - name-only other office || ""Diana Carey"" ""La Canada Flintridge... -> Bing: no results","OTHER BOARD, Orange County (name-only)",https://ocvote.gov/fileadmin/user_upload/elections/GEN2022/cs/3242-5.pdf,"search-result title: ""DIANA LEE CAREY Governing Board Member, Huntington Beach Union High""","LACOE directory board lists: 2012-13 printed directory (Wayback 2012-10-04); 2013 printed directory (Wayback 2013-01-16); online directory 2016; online directory live 2026-09-23 (name absent from all); RR/CC results 2013-2026 re-pulled, 73 elections (name not a candidate for this board)",2000-2026,ea6acf1c-3ada-4062-b324-0278459c99be
NO_EVIDENCE,Jon Haraguchi,la canada unified,2024-11-30,"WebSearch: ""Jon Haraguchi"" La Canada Unified school board || Bing (browser): ""Jon Haraguchi""","""Jon Haraguchi"" La Canada Unified school... -> no hit || ""Jon Haraguchi"" -> only EWU volleyball coach ""Jon Haruguchi""",,,,"LACOE directory board lists: 2012-13 printed directory (Wayback 2012-10-04); 2013 printed directory (Wayback 2013-01-16); online directory 2016; online directory live 2026-09-23 (name absent from all); RR/CC results 2013-2026 re-pulled, 73 elections (name not a candidate for this board)",2000-2026,5112b67b-566e-4099-9c8a-2f1fbc623055
NO_EVIDENCE,Kristin Shane,la canada unified,2022-11-30,"WebSearch: ""Kristin Shane"" La Canada Unified board of education || Bing (browser): ""Kristin Shane"" ""La Canada""","""Kristin Shane"" La Canada Unified board ... -> no hit || ""Kristin Shane"" ""La Canada"" -> Bing: no results",,,,"LACOE directory board lists: 2012-13 printed directory (Wayback 2012-10-04); 2013 printed directory (Wayback 2013-01-16); online directory 2016; online directory live 2026-09-23 (name absent from all); RR/CC results 2013-2026 re-pulled, 73 elections (name not a candidate for this board)",2000-2026,64f2bab6-2325-41da-8202-b8dd756aa9d3
NO_EVIDENCE,Barry Zorthian,las virgenes unified,2022-11-30,"WebSearch: ""Barry Zorthian"" Las Virgenes Unified board || Bing (browser): ""Barry Zorthian"" Calabasas OR ""Agoura Hills""","""Barry Zorthian"" Las Virgenes Unified bo... -> no hit || ""Barry Zorthian"" Calabasas OR ""Agou... -> no hit",,,,"LACOE directory board lists: 2012-13 printed directory (Wayback 2012-10-04); 2013 printed directory (Wayback 2013-01-16); online directory 2016; online directory live 2026-09-23 (name absent from all); RR/CC results 2013-2026 re-pulled, 73 elections (name not a candidate for this board)","1996, 2001, 2009-2026 (gap 2002-2008)",8f5fded3-98c2-4703-8c83-4ccbf8a6cc7d
NO_EVIDENCE,Christine Wood,las virgenes unified,2022-11-30,"WebSearch: ""Christine Wood"" ""Las Virgenes Unified"" board member || Bing (browser): ""Christine Wood"" trustee Calabasas","""Christine Wood"" ""Las Virgenes Unified"" ... -> no hit || ""Christine Wood"" trustee Calabasas -> UK community trustee; BBK attorney; no tie",,,,"LACOE directory board lists: 2012-13 printed directory (Wayback 2012-10-04); 2013 printed directory (Wayback 2013-01-16); online directory 2016; online directory live 2026-09-23 (name absent from all); RR/CC results 2013-2026 re-pulled, 73 elections (name not a candidate for this board)","1996, 2001, 2009-2026 (gap 2002-2008)",62674342-08a9-48ba-bd31-6fb3fe3f8fde
NO_EVIDENCE,Shira Katz,las virgenes unified,2022-11-30,"WebSearch: ""Shira Katz"" Las Virgenes Unified school board || Bing (browser): ""Shira Katz"" trustee Calabasas","""Shira Katz"" Las Virgenes Unified school... -> no hit || ""Shira Katz"" trustee Calabasas -> people-search (LA) only",,,,"LACOE directory board lists: 2012-13 printed directory (Wayback 2012-10-04); 2013 printed directory (Wayback 2013-01-16); online directory 2016; online directory live 2026-09-23 (name absent from all); RR/CC results 2013-2026 re-pulled, 73 elections (name not a candidate for this board)","1996, 2001, 2009-2026 (gap 2002-2008)",49ff1385-476d-4bb3-9912-80202b106cbc
NO_EVIDENCE,Lyn Behrens,long beach unified,2024-11-30,"WebSearch: ""Lyn Behrens"" Long Beach Unified board of education || Bing (browser): ""Lyn Behrens"" ""Long Beach""","""Lyn Behrens"" Long Beach Unified board o... -> no hit || ""Lyn Behrens"" ""Long Beach"" -> people-search (Lynn Behrens) only",,,,"LACOE directory board lists: 2012-13 printed directory (Wayback 2012-10-04); 2013 printed directory (Wayback 2013-01-16); online directory 2016; online directory live 2026-09-23 (name absent from all); RR/CC results 2013-2026 re-pulled, 73 elections (name not a candidate for this board)","1997 (partial), 2004 (all 5 seats), 2016-2017 (all 5 district seats), 2018-2026 RR/CC candidates",09772a05-d16b-45c4-98c6-8a340dc80734
NO_EVIDENCE,Holly Bhagavan,manhattan beach unified,2022-11-30,"WebSearch: ""Holly Bhagavan"" Manhattan Beach Unified board || Bing (browser): ""Holly Bhagavan""","""Holly Bhagavan"" Manhattan Beach Unified... -> no hit || ""Holly Bhagavan"" -> Bing: no results (zero on web)",,,,"LACOE directory board lists: 2012-13 printed directory (Wayback 2012-10-04); 2013 printed directory (Wayback 2013-01-16); online directory 2016; online directory live 2026-09-23 (name absent from all); RR/CC results 2013-2026 re-pulled, 73 elections (name not a candidate for this board)",2001-2026,67b3bb06-3c13-49dc-93d0-1aa7f5b04672
NO_EVIDENCE,Jason Turner,manhattan beach unified,2024-11-30,"WebSearch: ""Jason Turner"" ""Manhattan Beach Unified"" board member || Bing (browser): ""Jason Turner"" trustee ""Manhattan Beach"" school","""Jason Turner"" ""Manhattan Beach Unified""... -> no hit || ""Jason Turner"" trustee ""Manhattan B... -> no hit",,,,"LACOE directory board lists: 2012-13 printed directory (Wayback 2012-10-04); 2013 printed directory (Wayback 2013-01-16); online directory 2016; online directory live 2026-09-23 (name absent from all); RR/CC results 2013-2026 re-pulled, 73 elections (name not a candidate for this board)",2001-2026,29558ef3-818a-4e33-968c-5abe35f93e1f
NO_EVIDENCE,Joanna Robinson,manhattan beach unified,2022-11-30,"WebSearch: ""Joanna Robinson"" ""Manhattan Beach Unified"" board of education || Bing (browser): ""Joanna Robinson"" trustee ""Manhattan Beach""","""Joanna Robinson"" ""Manhattan Beach Unifi... -> no hit || ""Joanna Robinson"" trustee ""Manhatta... -> people-search (Westchester) only",,,,"LACOE directory board lists: 2012-13 printed directory (Wayback 2012-10-04); 2013 printed directory (Wayback 2013-01-16); online directory 2016; online directory live 2026-09-23 (name absent from all); RR/CC results 2013-2026 re-pulled, 73 elections (name not a candidate for this board)",2001-2026,102e826e-87df-4731-8ee7-ae7c7f0f07dd
NO_EVIDENCE,Alex Lujan,monrovia unified,2022-12-13,"WebSearch: ""Alex Lujan"" ""Monrovia Unified"" board || Bing (browser): ""Alex Lujan"" trustee Monrovia","""Alex Lujan"" ""Monrovia Unified"" board -> no hit (teacher Higinio Lujan only) || ""Alex Lujan"" trustee Monrovia -> people-search only",,,,"LACOE directory board lists: 2012-13 printed directory (Wayback 2012-10-04); 2013 printed directory (Wayback 2013-01-16); online directory 2016; online directory live 2026-09-23 (name absent from all); RR/CC results 2013-2026 re-pulled, 73 elections (name not a candidate for this board)",2017-10 to 2026-09 continuous (quarterly agenda roll calls + live page); 2003-12 to 2013-12 via elections; gap 2014-2017 for one seat (Zucco -> Rich),9e396ede-1420-4b3e-aab2-d1799e284e18
NO_EVIDENCE,Jessica Castro,monrovia unified,2022-12-13,"WebSearch: ""Jessica Castro"" ""Monrovia Unified"" board member || Bing (browser): ""Jessica Castro"" trustee Monrovia school","""Jessica Castro"" ""Monrovia Unified"" boar... -> no hit || ""Jessica Castro"" trustee Monrovia s... -> behavior technician (NPI, Monrovia address) - no board tie",,,,"LACOE directory board lists: 2012-13 printed directory (Wayback 2012-10-04); 2013 printed directory (Wayback 2013-01-16); online directory 2016; online directory live 2026-09-23 (name absent from all); RR/CC results 2013-2026 re-pulled, 73 elections (name not a candidate for this board)",2017-10 to 2026-09 continuous (quarterly agenda roll calls + live page); 2003-12 to 2013-12 via elections; gap 2014-2017 for one seat (Zucco -> Rich),2e1658de-04ce-4d50-bb86-6a74f62d2aa6
NO_EVIDENCE,Mary Ann Blount,monrovia unified,2024-12-17,"WebSearch: ""Mary Ann Blount"" Monrovia Unified board of education || Bing (browser): ""Mary Ann Blount"" Monrovia","""Mary Ann Blount"" Monrovia Unified board... -> no hit || ""Mary Ann Blount"" Monrovia -> people-search only",,,,"LACOE directory board lists: 2012-13 printed directory (Wayback 2012-10-04); 2013 printed directory (Wayback 2013-01-16); online directory 2016; online directory live 2026-09-23 (name absent from all); RR/CC results 2013-2026 re-pulled, 73 elections (name not a candidate for this board)",2017-10 to 2026-09 continuous (quarterly agenda roll calls + live page); 2003-12 to 2013-12 via elections; gap 2014-2017 for one seat (Zucco -> Rich),341f687f-4a41-414c-8da8-7675922e9283
NO_EVIDENCE,Stephanie Juarez,monrovia unified,2024-12-17,"WebSearch: ""Stephanie Juarez"" ""Monrovia Unified"" board || Bing (browser): ""Stephanie Juarez"" trustee Monrovia","""Stephanie Juarez"" ""Monrovia Unified"" bo... -> no hit || ""Stephanie Juarez"" trustee Monrovia -> people-search only",,,,"LACOE directory board lists: 2012-13 printed directory (Wayback 2012-10-04); 2013 printed directory (Wayback 2013-01-16); online directory 2016; online directory live 2026-09-23 (name absent from all); RR/CC results 2013-2026 re-pulled, 73 elections (name not a candidate for this board)",2017-10 to 2026-09 continuous (quarterly agenda roll calls + live page); 2003-12 to 2013-12 via elections; gap 2014-2017 for one seat (Zucco -> Rich),f931ec44-44cb-443a-9995-f3e0867be886
NO_EVIDENCE,Anthony Medina,montebello unified,2024-12-12,"WebSearch: ""Anthony Medina"" ""Montebello Unified"" board member || Bing (browser): ""Anthony Medina"" trustee Montebello school board","""Anthony Medina"" ""Montebello Unified"" bo... -> VOTE411 race 69228351 listed again (candidate lead only); WebFetch of /m/ page -> HTTP 500; not in RR/CC 2018-2026 lists || ""Anthony Medina"" trustee Montebello... -> Woodburn (OR) school board candidate (goodparty); obituary; no MUSD tie",,,,"LACOE directory board lists: 2012-13 printed directory (Wayback 2012-10-04); 2013 printed directory (Wayback 2013-01-16); online directory 2016; online directory live 2026-09-23 (name absent from all); RR/CC results 2013-2026 re-pulled, 73 elections (name not a candidate for this board)","1997, 2002, 2004 (district board page snapshots, all 5 seats); 2013-2026 via election winners (Ballotpedia 2013/2015, WDN 2018/2020 articles, RR/CC 2018-2026)",75c60e41-1ef0-426b-9899-67b8796ea4b8
NO_EVIDENCE,Christina Lara,montebello unified,2022-12-13,"WebSearch: ""Christina Lara"" ""Montebello Unified"" board || Bing (browser): ""Christina Lara"" trustee Montebello","""Christina Lara"" ""Montebello Unified"" bo... -> no hit || ""Christina Lara"" trustee Montebello -> people-search (Montebello resident) only",,,,"LACOE directory board lists: 2012-13 printed directory (Wayback 2012-10-04); 2013 printed directory (Wayback 2013-01-16); online directory 2016; online directory live 2026-09-23 (name absent from all); RR/CC results 2013-2026 re-pulled, 73 elections (name not a candidate for this board)","1997, 2002, 2004 (district board page snapshots, all 5 seats); 2013-2026 via election winners (Ballotpedia 2013/2015, WDN 2018/2020 articles, RR/CC 2018-2026)",f8dddc8f-f5aa-4e6e-be08-7f686436b3db
NO_EVIDENCE,Lorraine Abundis,montebello unified,2022-12-13,"WebSearch: ""Lorraine Abundis"" Montebello || Bing (browser): ""Lorraine Abundis""","""Lorraine Abundis"" Montebello -> no hit || ""Lorraine Abundis"" -> Facebook (Elk Grove relatives) only",,,,"LACOE directory board lists: 2012-13 printed directory (Wayback 2012-10-04); 2013 printed directory (Wayback 2013-01-16); online directory 2016; online directory live 2026-09-23 (name absent from all); RR/CC results 2013-2026 re-pulled, 73 elections (name not a candidate for this board)","1997, 2002, 2004 (district board page snapshots, all 5 seats); 2013-2026 via election winners (Ballotpedia 2013/2015, WDN 2018/2020 articles, RR/CC 2018-2026)",051b8e30-2ddf-4e74-95ac-f02ca3abbeea
NO_EVIDENCE,Paul Shelton,montebello unified,2024-12-12,"WebSearch: ""Paul Shelton"" ""Montebello Unified"" board of education || Bing (browser): ""Paul Shelton"" trustee Montebello","""Paul Shelton"" ""Montebello Unified"" boar... -> no hit || ""Paul Shelton"" trustee Montebello -> IL court case; people-search only",,,,"LACOE directory board lists: 2012-13 printed directory (Wayback 2012-10-04); 2013 printed directory (Wayback 2013-01-16); online directory 2016; online directory live 2026-09-23 (name absent from all); RR/CC results 2013-2026 re-pulled, 73 elections (name not a candidate for this board)","1997, 2002, 2004 (district board page snapshots, all 5 seats); 2013-2026 via election winners (Ballotpedia 2013/2015, WDN 2018/2020 articles, RR/CC 2018-2026)",6ded6ac5-dcf5-4e96-aba6-8fc32c827a36
NO_EVIDENCE,Vanessa Ramirez,montebello unified,NO_TERM,"WebSearch: ""Vanessa Ramirez"" ""Montebello Unified"" board member trustee || Bing (browser): ""Vanessa Ramirez"" trustee Montebello school board","""Vanessa Ramirez"" ""Montebello Unified"" b... -> no hit || ""Vanessa Ramirez"" trustee Montebell... -> LinkedIn creative director (Montebello) - no board tie",,,,"LACOE directory board lists: 2012-13 printed directory (Wayback 2012-10-04); 2013 printed directory (Wayback 2013-01-16); online directory 2016; online directory live 2026-09-23 (name absent from all); RR/CC results 2013-2026 re-pulled, 73 elections (name not a candidate for this board)","1997, 2002, 2004 (district board page snapshots, all 5 seats); 2013-2026 via election winners (Ballotpedia 2013/2015, WDN 2018/2020 articles, RR/CC 2018-2026)",c5d72741-5ca0-4aad-ae06-486b1186d070
NO_EVIDENCE,Vicky Martinez,montebello unified,2022-12-13,"WebSearch: ""Vicky Martinez"" ""Montebello Unified"" board || Bing (browser): ""Vicky Martinez"" trustee Montebello","""Vicky Martinez"" ""Montebello Unified"" bo... -> no hit || ""Vicky Martinez"" trustee Montebello -> Vikki Galarza Martinez, Montebello Elks Lodge trustee (LinkedIn) - not a school trustee",OTHER OFFICE (name-only),https://results.lavote.gov/ElectionResults/GetElectionData?electionID=967,"EL MONTE CITY GENERAL MUNICIPAL ELECTION Member of the City Council: VICTORIA ""VICKY"" MARTINEZ (Winner: true), 2015-11-03","LACOE directory board lists: 2012-13 printed directory (Wayback 2012-10-04); 2013 printed directory (Wayback 2013-01-16); online directory 2016; online directory live 2026-09-23 (name absent from all); RR/CC results 2013-2026 re-pulled, 73 elections (name not a candidate for this board)","1997, 2002, 2004 (district board page snapshots, all 5 seats); 2013-2026 via election winners (Ballotpedia 2013/2015, WDN 2018/2020 articles, RR/CC 2018-2026)",60fb595d-32dd-46b2-a090-b8c5b48d208b
NO_EVIDENCE,Adriana Camorlinga,pomona unified,2022-12-13,"WebSearch: ""Adriana Camorlinga"" Pomona Unified board || Bing (browser): ""Adriana Camorlinga""","""Adriana Camorlinga"" Pomona Unified boar... -> no hit || ""Adriana Camorlinga"" -> social profiles only",,,,"LACOE directory board lists: 2012-13 printed directory (Wayback 2012-10-04); 2013 printed directory (Wayback 2013-01-16); online directory 2016; online directory live 2026-09-23 (name absent from all); RR/CC results 2013-2026 re-pulled, 73 elections (name not a candidate for this board)",2001-2026,d9e394d9-3e01-4643-ae70-90fbccc5aeb7
NO_EVIDENCE,Ashley Johnson,pomona unified,2022-12-13,"WebSearch: ""Ashley Johnson"" ""Pomona Unified"" board member trustee || Bing (browser): ""Ashley Johnson"" trustee Pomona school board","""Ashley Johnson"" ""Pomona Unified"" board ... -> no hit || ""Ashley Johnson"" trustee Pomona sch... -> people-search; TN school social worker; no tie",,,,"LACOE directory board lists: 2012-13 printed directory (Wayback 2012-10-04); 2013 printed directory (Wayback 2013-01-16); online directory 2016; online directory live 2026-09-23 (name absent from all); RR/CC results 2013-2026 re-pulled, 73 elections (name not a candidate for this board)",2001-2026,a72b6e3b-1f34-4469-b9d1-622b64496927
NO_EVIDENCE,Chuck Kauffman,pomona unified,NO_TERM,"WebSearch: ""Chuck Kauffman"" OR ""Charles Kauffman"" Pomona Unified board of education || Bing (browser): ""Chuck Kauffman"" Pomona","""Chuck Kauffman"" OR ""Charles Kauffman"" P... -> LinkedIn ""Charles Kauffman - Board of education member"" (district not stated) - name-only || ""Chuck Kauffman"" Pomona -> social/people-search only",,,,"LACOE directory board lists: 2012-13 printed directory (Wayback 2012-10-04); 2013 printed directory (Wayback 2013-01-16); online directory 2016; online directory live 2026-09-23 (name absent from all); RR/CC results 2013-2026 re-pulled, 73 elections (name not a candidate for this board)",2001-2026,54dbc290-591b-4a01-95c4-6c2c80c68195
NO_EVIDENCE,David Buerge,pomona unified,NO_TERM,"WebSearch: ""David Buerge"" Pomona school board || Bing (browser): ""David Buerge"" Pomona","""David Buerge"" Pomona school board -> no hit || ""David Buerge"" Pomona -> people-search only",,,,"LACOE directory board lists: 2012-13 printed directory (Wayback 2012-10-04); 2013 printed directory (Wayback 2013-01-16); online directory 2016; online directory live 2026-09-23 (name absent from all); RR/CC results 2013-2026 re-pulled, 73 elections (name not a candidate for this board)",2001-2026,3f09884f-950d-462b-821f-6161c5d52784
NO_EVIDENCE,Evelyne Aquilar,pomona unified,2024-12-10,"WebSearch: ""Evelyne Aquilar"" OR ""Evelyne Aguilar"" Pomona Unified board || Bing (browser): ""Evelyne Aquilar""","""Evelyne Aquilar"" OR ""Evelyne Aguilar"" P... -> no hit || ""Evelyne Aquilar"" -> only ""Evelyn Aguilar"" profiles; no tie",,,,"LACOE directory board lists: 2012-13 printed directory (Wayback 2012-10-04); 2013 printed directory (Wayback 2013-01-16); online directory 2016; online directory live 2026-09-23 (name absent from all); RR/CC results 2013-2026 re-pulled, 73 elections (name not a candidate for this board)",2001-2026,ca63670f-2000-490e-9a99-0317684f1ad9
NO_EVIDENCE,Isabel Cruz,pomona unified,2022-12-13,"WebSearch: ""Isabel Cruz"" ""Pomona Unified"" board of trustees || Bing (browser): ""Isabel Cruz"" trustee Pomona school board","""Isabel Cruz"" ""Pomona Unified"" board of ... -> no hit || ""Isabel Cruz"" trustee Pomona school... -> LinkedIn (Pomona College / Cal Poly grads) - no board tie",,,,"LACOE directory board lists: 2012-13 printed directory (Wayback 2012-10-04); 2013 printed directory (Wayback 2013-01-16); online directory 2016; online directory live 2026-09-23 (name absent from all); RR/CC results 2013-2026 re-pulled, 73 elections (name not a candidate for this board)",2001-2026,4fe30078-fd83-4d42-aca0-83ea14062dd7
NO_EVIDENCE,Roberta Bacon,pomona unified,2024-12-10,"WebSearch: ""Roberta Bacon"" Pomona Unified board || Bing (browser): ""Roberta Bacon"" trustee Pomona","""Roberta Bacon"" Pomona Unified board -> only Roberta Perlman (real trustee) || ""Roberta Bacon"" trustee Pomona -> people-search (NY) only",GARBLE of real trustee?,,search results return only Roberta A. Perlman (PUSD trustee since 2009),"LACOE directory board lists: 2012-13 printed directory (Wayback 2012-10-04); 2013 printed directory (Wayback 2013-01-16); online directory 2016; online directory live 2026-09-23 (name absent from all); RR/CC results 2013-2026 re-pulled, 73 elections (name not a candidate for this board)",2001-2026,04fcc309-611e-4678-808b-87ca80f95ac6
NO_EVIDENCE,Cary Romo Nakayama,rowland unified,2022-11-30,"WebSearch: ""Cary Nakayama"" OR ""Cary Romo Nakayama"" Rowland Unified board || Bing (browser): ""Cary Nakayama"" ""Rowland Heights""","""Cary Nakayama"" OR ""Cary Romo Nakayama"" ... -> no hit (only real trustee Cary Chen) || ""Cary Nakayama"" ""Rowland Heights"" -> no hit",,,,"LACOE directory board lists: 2012-13 printed directory (Wayback 2012-10-04); 2013 printed directory (Wayback 2013-01-16); online directory 2019; online directory live 2026-09-23 (name absent from all); RR/CC results 2013-2026 re-pulled, 73 elections (name not a candidate for this board)",2000-2026,9b1ebb14-fc87-4705-8639-667d8f3b3101
NO_EVIDENCE,Jeff Mata,rowland unified,2022-11-30,"WebSearch: ""Jeff Mata"" ""Rowland Unified"" board member || Bing (browser): ""Jeff Mata"" trustee ""Rowland Heights""","""Jeff Mata"" ""Rowland Unified"" board memb... -> no hit || ""Jeff Mata"" trustee ""Rowland Height... -> no hit",,,,"LACOE directory board lists: 2012-13 printed directory (Wayback 2012-10-04); 2013 printed directory (Wayback 2013-01-16); online directory 2019; online directory live 2026-09-23 (name absent from all); RR/CC results 2013-2026 re-pulled, 73 elections (name not a candidate for this board)",2000-2026,7d4241b8-cc27-48a0-9b76-f205f2eeca84
NO_EVIDENCE,Jeff Seawright,rowland unified,2024-11-30,"WebSearch: ""Jeff Seawright"" Rowland Unified school board || Bing (browser): ""Jeff Seawright""","""Jeff Seawright"" Rowland Unified school ... -> no hit || ""Jeff Seawright"" -> social/people-search only",,,,"LACOE directory board lists: 2012-13 printed directory (Wayback 2012-10-04); 2013 printed directory (Wayback 2013-01-16); online directory 2019; online directory live 2026-09-23 (name absent from all); RR/CC results 2013-2026 re-pulled, 73 elections (name not a candidate for this board)",2000-2026,015e3a37-ac58-49a1-8483-1343f33a9356
NO_EVIDENCE,Marilyn Solorzano,rowland unified,2024-11-30,"WebSearch: ""Marilyn Solorzano"" Rowland Unified board of education || Bing (browser): ""Marilyn Solorzano"" ""Rowland""","""Marilyn Solorzano"" Rowland Unified boar... -> no hit || ""Marilyn Solorzano"" ""Rowland"" -> Bing: no results",,,,"LACOE directory board lists: 2012-13 printed directory (Wayback 2012-10-04); 2013 printed directory (Wayback 2013-01-16); online directory 2019; online directory live 2026-09-23 (name absent from all); RR/CC results 2013-2026 re-pulled, 73 elections (name not a candidate for this board)",2000-2026,296f315f-bb67-4816-9bcd-a59108ce972a
NO_EVIDENCE,Mike Bhatt,rowland unified,2022-11-30,"WebSearch: ""Mike Bhatt"" Rowland Unified board || Bing (browser): ""Mike Bhatt"" ""Rowland Heights""","""Mike Bhatt"" Rowland Unified board -> no hit || ""Mike Bhatt"" ""Rowland Heights"" -> people-search only",,,,"LACOE directory board lists: 2012-13 printed directory (Wayback 2012-10-04); 2013 printed directory (Wayback 2013-01-16); online directory 2019; online directory live 2026-09-23 (name absent from all); RR/CC results 2013-2026 re-pulled, 73 elections (name not a candidate for this board)",2000-2026,9dc46319-a05f-4370-9ab6-8577bb61fb91
NO_EVIDENCE,Estela Sanchez-Torres,san gabriel unified,2022-11-30,"WebSearch: ""Estela Sanchez-Torres"" OR ""Estela Torres"" ""San Gabriel Unified"" board || Bing (browser): ""Estela Sanchez-Torres""","""Estela Sanchez-Torres"" OR ""Estela Torre... -> no hit || ""Estela Sanchez-Torres"" -> Mexican professionals only; no tie",,,,"LACOE directory board lists: 2012-13 printed directory (Wayback 2012-10-04); 2013 printed directory (Wayback 2013-01-16); online directory 2016; online directory live 2026-09-23 (name absent from all); RR/CC results 2013-2026 re-pulled, 73 elections (name not a candidate for this board)","2005, 2008, 2015-2026 (gap 2009-2014)",d46f8101-1cc9-4f2f-8e6a-ceb58febba8b
NO_EVIDENCE,Megan Ngo,san gabriel unified,2022-11-30,"WebSearch: ""Megan Ngo"" ""San Gabriel Unified"" board || Bing (browser): ""Megan Ngo"" trustee ""San Gabriel""","""Megan Ngo"" ""San Gabriel Unified"" board -> no hit || ""Megan Ngo"" trustee ""San Gabriel"" -> people-search (San Gabriel resident, age 30) only",,,,"LACOE directory board lists: 2012-13 printed directory (Wayback 2012-10-04); 2013 printed directory (Wayback 2013-01-16); online directory 2016; online directory live 2026-09-23 (name absent from all); RR/CC results 2013-2026 re-pulled, 73 elections (name not a candidate for this board)","2005, 2008, 2015-2026 (gap 2009-2014)",e526fc4e-536d-4878-b1f0-5d2b903a6ee0
NO_EVIDENCE,Nora Martinez,san gabriel unified,2024-11-30,"WebSearch: ""Nora Martinez"" ""San Gabriel Unified"" board member || Bing (browser): ""Nora Martinez"" trustee ""San Gabriel"" school","""Nora Martinez"" ""San Gabriel Unified"" bo... -> no hit || ""Nora Martinez"" trustee ""San Gabrie... -> no hit",,,,"LACOE directory board lists: 2012-13 printed directory (Wayback 2012-10-04); 2013 printed directory (Wayback 2013-01-16); online directory 2016; online directory live 2026-09-23 (name absent from all); RR/CC results 2013-2026 re-pulled, 73 elections (name not a candidate for this board)","2005, 2008, 2015-2026 (gap 2009-2014)",8825a1a2-c225-47d3-8848-8fa687f0f7ba
NO_EVIDENCE,Yvette Vivanco,san gabriel unified,2024-11-30,"WebSearch: ""Yvette Vivanco"" San Gabriel Unified board || Bing (browser): ""Yvette Vivanco""","""Yvette Vivanco"" San Gabriel Unified boa... -> no hit || ""Yvette Vivanco"" -> social/people-search (IN/FL) only",,,,"LACOE directory board lists: 2012-13 printed directory (Wayback 2012-10-04); 2013 printed directory (Wayback 2013-01-16); online directory 2016; online directory live 2026-09-23 (name absent from all); RR/CC results 2013-2026 re-pulled, 73 elections (name not a candidate for this board)","2005, 2008, 2015-2026 (gap 2009-2014)",a4ed6e28-252b-4bd5-a6f2-ddb96c37aa3f
NO_EVIDENCE,Yvonne Marquez,san gabriel unified,2022-11-30,"WebSearch: ""Yvonne Marquez"" ""San Gabriel Unified"" board of education || Bing (browser): ""Yvonne Marquez"" trustee ""San Gabriel""; read legacy.com SGV Tribune obit (Yvonne S. Marquez, d. 2013)","""Yvonne Marquez"" ""San Gabriel Unified"" b... -> no hit || ""Yvonne Marquez"" trustee ""San Gabri... -> obituary names no school-board service - no tie",,,,"LACOE directory board lists: 2012-13 printed directory (Wayback 2012-10-04); 2013 printed directory (Wayback 2013-01-16); online directory 2016; online directory live 2026-09-23 (name absent from all); RR/CC results 2013-2026 re-pulled, 73 elections (name not a candidate for this board)","2005, 2008, 2015-2026 (gap 2009-2014)",3aeeb9e8-68e7-4bd3-a4ff-19958d46debd
NO_EVIDENCE,Alicia Brodkin,santa monica malibu unified,2022-11-30,"WebSearch: ""Alicia Brodkin"" Santa Monica-Malibu Unified board || Bing (browser): ""Alicia Brodkin""","""Alicia Brodkin"" Santa Monica-Malibu Uni... -> no hit || ""Alicia Brodkin"" -> Bing: no results (zero on web)",,,,"LACOE directory board lists: 2012-13 printed directory (Wayback 2012-10-04); 2013 printed directory (Wayback 2013-01-16); online directory live 2026-09-23 (name absent from all); RR/CC results 2013-2026 re-pulled, 73 elections (name not a candidate for this board)","2000-2020 (Smart Voter SMMUSD candidate lists Nov 2000, 2002, 2004, 2006, 2008 incl. 2008 short term, 2010, 2012, 2014; RR/CC 2018 and 2020). Not covered: 2016, 2022, 2024.",636c3d78-e230-4c1f-b267-921c4775b2c4
NO_EVIDENCE,Roy Rifkin,santa monica malibu unified,2022-11-30,"WebSearch: ""Roy Rifkin"" Santa Monica-Malibu Unified school board || Bing (browser): ""Roy Rifkin"" ""Santa Monica""","""Roy Rifkin"" Santa Monica-Malibu Unified... -> no hit || ""Roy Rifkin"" ""Santa Monica"" -> no hit",,,,"LACOE directory board lists: 2012-13 printed directory (Wayback 2012-10-04); 2013 printed directory (Wayback 2013-01-16); online directory live 2026-09-23 (name absent from all); RR/CC results 2013-2026 re-pulled, 73 elections (name not a candidate for this board)","2000-2020 (Smart Voter SMMUSD candidate lists Nov 2000, 2002, 2004, 2006, 2008 incl. 2008 short term, 2010, 2012, 2014; RR/CC 2018 and 2020). Not covered: 2016, 2022, 2024.",fdc4de72-cd43-4ff8-b13e-28e1c419fe83
NO_EVIDENCE,George Fuller,torrance unified,2022-11-30,"WebSearch: ""George Fuller"" ""Torrance Unified"" board of education || Bing (browser): ""George Fuller"" trustee Torrance school","""George Fuller"" ""Torrance Unified"" board... -> no hit || ""George Fuller"" trustee Torrance sc... -> LEAD: LA Times 2000 ""West Covina School Board member"" story; WCUSD 2002-03 roster has a ""Fuller"" (prior audit) - check identity",OTHER BOARD (name-only),http://web.archive.org/web/20120425164857/http://www.wcusd.org/board/members.html,"Serving as a member of the West Covina Board of Education since 1997, Mr. Fuller also enjoys camping","LACOE directory board lists: 2012-13 printed directory (Wayback 2012-10-04); 2013 printed directory (Wayback 2013-01-16); online directory 2016; online directory live 2026-09-23 (name absent from all); RR/CC results 2013-2026 re-pulled, 73 elections (name not a candidate for this board)",2001-2026,544aa910-95a2-4443-99e5-6a3b350940ae
NO_EVIDENCE,Michael Rock,torrance unified,2024-12-15,"WebSearch: ""Michael Rock"" Torrance Unified board member || Bing (browser): ""Michael Rock"" trustee Torrance school board","""Michael Rock"" Torrance Unified board me... -> no hit || ""Michael Rock"" trustee Torrance sch... -> no hit",,,,"LACOE directory board lists: 2012-13 printed directory (Wayback 2012-10-04); 2013 printed directory (Wayback 2013-01-16); online directory 2016; online directory live 2026-09-23 (name absent from all); RR/CC results 2013-2026 re-pulled, 73 elections (name not a candidate for this board)",2001-2026,08f76054-5a5d-4543-88de-569ffb4d5b96
NO_EVIDENCE,Ben Kay,west covina unified,2022-11-30,"WebSearch: ""Ben Kay"" ""West Covina Unified"" board || Bing (browser): ""Ben Kay"" trustee ""West Covina""","""Ben Kay"" ""West Covina Unified"" board -> no hit || ""Ben Kay"" trustee ""West Covina"" -> no hit",,,,"LACOE directory board lists: 2012-13 printed directory (Wayback 2012-10-04); 2013 printed directory (Wayback 2013-01-16); online directory 2016; online directory live 2026-09-23 (name absent from all); RR/CC results 2013-2026 re-pulled, 73 elections (name not a candidate for this board)",2002-2026 with gaps (2003-2009 transitions and 2013-2015 appointments not seat-by-seat),a08c5e26-feee-4bbf-a60a-5de90eda74b5
NO_EVIDENCE,Cynthia Moran,west covina unified,2024-11-30,"WebSearch: ""Cynthia Moran"" ""West Covina Unified"" board || Bing (browser): ""Cynthia Moran"" trustee ""West Covina""","""Cynthia Moran"" ""West Covina Unified"" bo... -> only Chino Hills council member (name-only other office) || ""Cynthia Moran"" trustee ""West Covin... -> people-search only",OTHER OFFICE (name-only),https://www.chinohills.org/174/Cynthia-Moran,per CA_0156: first elected to the Chino Hills City Council in November 2012,"LACOE directory board lists: 2012-13 printed directory (Wayback 2012-10-04); 2013 printed directory (Wayback 2013-01-16); online directory 2016; online directory live 2026-09-23 (name absent from all); RR/CC results 2013-2026 re-pulled, 73 elections (name not a candidate for this board)",2002-2026 with gaps (2003-2009 transitions and 2013-2015 appointments not seat-by-seat),af08db12-bace-48ce-b9e5-eaa0e3e2ffd8
NO_EVIDENCE,Joe Panganiban,west covina unified,2024-11-30,"WebSearch: ""Joe Panganiban"" West Covina Unified school board || Bing (browser): ""Joe Panganiban""","""Joe Panganiban"" West Covina Unified sch... -> no hit || ""Joe Panganiban"" -> Chicago Fry Foundation officer; no tie",,,,"LACOE directory board lists: 2012-13 printed directory (Wayback 2012-10-04); 2013 printed directory (Wayback 2013-01-16); online directory 2016; online directory live 2026-09-23 (name absent from all); RR/CC results 2013-2026 re-pulled, 73 elections (name not a candidate for this board)",2002-2026 with gaps (2003-2009 transitions and 2013-2015 appointments not seat-by-seat),4d0397a4-6863-4e57-bfdf-510d3738630b
NO_EVIDENCE,Lorenzo Munoz,west covina unified,2024-11-30,"WebSearch: ""Lorenzo Munoz"" West Covina Unified board of education || Bing (browser): ""Lorenzo Munoz"" trustee ""West Covina""","""Lorenzo Munoz"" West Covina Unified boar... -> no hit || ""Lorenzo Munoz"" trustee ""West Covin... -> people-search only",,,,"LACOE directory board lists: 2012-13 printed directory (Wayback 2012-10-04); 2013 printed directory (Wayback 2013-01-16); online directory 2016; online directory live 2026-09-23 (name absent from all); RR/CC results 2013-2026 re-pulled, 73 elections (name not a candidate for this board)",2002-2026 with gaps (2003-2009 transitions and 2013-2015 appointments not seat-by-seat),8f362998-d0ae-490d-a3df-1d5a5de9243f
