link_id,politician_id,row_name,external_id,stored_committee_name,official_committee_name,filer_area_code,cal_access_status,category,sub_category,controlling_candidate,displayed_amount_before,outcome
d7897276-e30f-4548-bad4-b709fa8cadbc,5cf487ec-b383-466f-a5db-b01b607acd9c,Alejandra Avila,1408861,AVILA FOR CITY COUNCIL 2018; ALEJANDRA,AVILA FOR CITY COUNCIL 2018; ALEJANDRA,626,TERMINATED,40002:CONTROLLED,0:N/A,,0.0,"kept confirmed: controlled, no controlling candidate on file and no SOS reports (local committee; loads nothing)"
680028a6-a32b-42a1-9fcd-e361bd214ef1,2382e3c5-f6ff-4aeb-88c6-8538df3ea05d,Ali Taj,1403894,TAJ FOR SENATE 2018 - SPECIAL,TAJ FOR SENATE 2018 - SPECIAL,323,TERMINATED,40002:CONTROLLED,0:N/A,ALI SAJJAD TAJ; Ali Taj,51001.0,"kept confirmed: controlled by this person, name matches, SOS e-filed reports"
2a09b8be-bdbe-4fb5-a4e3-86b9184e472e,5b0b0edf-c2f2-4359-92d5-d245f8826111,Amy Thomas Howorth,1375199,HOWORTH FOR MANHATTAN BEACH CITY COUNCIL 2015; AMY,HOWORTH FOR MANHATTAN BEACH CITY COUNCIL 2015; AMY,310,ACTIVE,40002:CONTROLLED,0:N/A,AMY HOWORTH,4000.0,"kept confirmed: controlled by this person, name matches, SOS e-filed reports"
847bd3af-d80b-413f-82ee-e787e636d675,ba647863-25fb-4ccf-9cb0-5a1c912d1b27,Ana Valencia,1443501,VALENCIA FOR ASSEMBLY 2022; ANA,VALENCIA FOR ASSEMBLY 2022; ANA,213,TERMINATED,40002:CONTROLLED,0:N/A,ANA VALENCIA,52957.0,"kept confirmed: controlled by this person, name matches, SOS e-filed reports"
7eda83f2-f2c7-4d90-9da5-d7263e59b0c5,579fb5f2-2313-4423-a412-b4ae101c6e8e,Andrea Alarcón,1452797,ALARCON FOR PALMDALE CITY COUNCIL 2022; ANDREA,ALARCON FOR PALMDALE CITY COUNCIL 2022; ANDREA,213,TERMINATED,40002:CONTROLLED,0:N/A,ANDREA ALARCON,0.0,"kept confirmed: controlled by this person, name matches, SOS e-filed reports"
cd09dbaf-1352-4528-bac9-8c3ca4f39c01,d2498737-1f26-493c-b724-3e9063ce18f1,Andrew C. Lara,1468474,LARA FOR PICO RIVERA CITY COUNCIL 2024; ANDREW C.,LARA FOR PICO RIVERA CITY COUNCIL 2024; ANDREW C.,916,ACTIVE,40002:CONTROLLED,0:N/A,,0.0,"kept confirmed: controlled, no controlling candidate on file and no SOS reports (local committee; loads nothing)"
83acab9f-eed1-44c9-9a66-72fbd82d932a,f34cded6-da16-4ce7-aed9-e5ef2b905108,Andrew Chou,1440052,CHOU FOR DIAMOND BAR CITY COUNCIL 2022; ANDREW,CHOU FOR DIAMOND BAR CITY COUNCIL 2022; ANDREW,626,TERMINATED,40002:CONTROLLED,0:N/A,,0.0,"kept confirmed: controlled, no controlling candidate on file and no SOS reports (local committee; loads nothing)"
6e696939-716c-4118-9de9-0c33a22a427c,35f41c8d-0460-45c7-9e8c-28be5c42fb56,Angie Jimenez,1441516,JIMENEZ FOR MONTEBELLO CITY COUNCIL 2022; ANGIE,JIMENEZ FOR MONTEBELLO CITY COUNCIL 2022; ANGIE,213,TERMINATED,40002:CONTROLLED,0:N/A,,0.0,"kept confirmed: controlled, no controlling candidate on file and no SOS reports (local committee; loads nothing)"
2eb8f721-aea0-4218-8725-4ba22b752f7d,751a4678-0c36-443b-8ccb-30a52c94c494,Annette Rodriguez,1376115,RODRIGUEZ TO CITY COUNCIL 2015; COMMITTEE TO ELECT ANNETTE,RODRIGUEZ TO CITY COUNCIL 2015; COMMITTEE TO ELECT ANNETTE,562,TERMINATED,40002:CONTROLLED,0:N/A,,0.0,"kept confirmed: controlled, no controlling candidate on file and no SOS reports (local committee; loads nothing)"
f93b8d87-dfe8-44e4-b8bb-1a7c37d5780a,b7dc60f1-7d9f-4ac8-abb1-a977ffd25d26,Armond Aghakhanian,1425801,AGHAKHANIAN FOR BURBANK SCHOOL BOARD 2020; DR. ARMOND,AGHAKHANIAN FOR BURBANK SCHOOL BOARD 2020; DR. ARMOND,818,TERMINATED,40002:CONTROLLED,0:N/A,,0.0,"kept confirmed: controlled, no controlling candidate on file and no SOS reports (local committee; loads nothing)"
8d1fa06b-5f19-4ead-8613-081dcd6c1873,069fc0f2-d1eb-4fac-828a-3d9030d4f2a9,Bill Miranda,1397785,MIRANDA FOR CITY COUNCIL 2018; BILL,MIRANDA FOR CITY COUNCIL 2018; BILL,661,TERMINATED,40002:CONTROLLED,0:N/A,,0.0,"kept confirmed: controlled, no controlling candidate on file and no SOS reports (local committee; loads nothing)"
fb0243dc-7c23-4968-ac07-ff6592ab33ee,069fc0f2-d1eb-4fac-828a-3d9030d4f2a9,Bill Miranda,1442767,MIRANDA FOR CITY COUNCIL 2022; BILL,MIRANDA FOR CITY COUNCIL 2022; BILL,661,TERMINATED,40002:CONTROLLED,0:N/A,,0.0,"kept confirmed: controlled, no controlling candidate on file and no SOS reports (local committee; loads nothing)"
613ae1d1-5b8f-4d81-9020-f7b1dda03451,0379cbef-05d8-4fd7-ba51-92b7661a4bbc,Bob Blumenfield,1333750,"BLUMENFIELD FOR ASSEMBLY 2012, BOB","BLUMENFIELD FOR ASSEMBLY 2012, BOB",323,TERMINATED,40002:CONTROLLED,0:N/A,BOB BLUMENFIELD,710323.34,"kept confirmed: controlled by this person, name matches, SOS e-filed reports"
d2426950-6f92-44de-a81d-6140992be49f,86ceb1d5-b225-4a1b-9eb0-bb708532eea8,Chad Williams,1462406,WILLIAMS FOR CITY COUNCIL 2024; CHAD,WILLIAMS FOR CITY COUNCIL 2024; CHAD,949,ACTIVE,40002:CONTROLLED,0:N/A,,0.0,"kept confirmed: controlled, no controlling candidate on file and no SOS reports (local committee; loads nothing)"
1d9a6956-55ab-4207-aa52-43bfc0c13467,a6893dff-7151-4dd2-8b5f-fb9124ee3c96,Cindy Allen,1436981,ALLEN CITY COUNCIL OFFICEHOLDER COMMITTEE 2020; CINDY,ALLEN CITY COUNCIL OFFICEHOLDER COMMITTEE 2020; CINDY,213,ACTIVE,40002:CONTROLLED,0:N/A,,0.0,"kept confirmed: controlled, no controlling candidate on file and no SOS reports (local committee; loads nothing)"
e2886746-f29f-4b4a-8ee9-3a2cf74eb53f,a6893dff-7151-4dd2-8b5f-fb9124ee3c96,Cindy Allen,1421740,ALLEN FOR CITY COUNCIL 2020; CINDY,ALLEN FOR CITY COUNCIL 2020; CINDY,213,TERMINATED,40002:CONTROLLED,0:N/A,,0.0,"kept confirmed: controlled, no controlling candidate on file and no SOS reports (local committee; loads nothing)"
a4431193-b44c-46c2-9134-c5920b20ade0,a6893dff-7151-4dd2-8b5f-fb9124ee3c96,Cindy Allen,1462179,ALLEN FOR CITY COUNCIL 2024; RE-ELECT CINDY,ALLEN FOR CITY COUNCIL 2024; RE-ELECT CINDY,213,TERMINATED,40002:CONTROLLED,0:N/A,,0.0,"kept confirmed: controlled, no controlling candidate on file and no SOS reports (local committee; loads nothing)"
6113eb3b-42e2-4ffb-aa93-0f3975e3f6d4,556e4303-9d45-4540-8bba-617da6641bfe,Corey Calaycay,1464043,CALAYCAY FOR CLAREMONT CITY COUNCIL 2024; COREY,CALAYCAY FOR CLAREMONT CITY COUNCIL 2024; COREY,909,TERMINATED,40002:CONTROLLED,0:N/A,,0.0,"kept confirmed: controlled, no controlling candidate on file and no SOS reports (local committee; loads nothing)"
da6cf5e7-844b-4706-bb47-8b5029b55db2,1221c215-2b80-46f7-b980-c04f25c5866f,Craig A. Corman,1462515,CORMAN FOR BEVERLY HILLS CITY COUNCIL 2024; CRAIG,CORMAN FOR BEVERLY HILLS CITY COUNCIL 2024; CRAIG,310,ACTIVE,40002:CONTROLLED,0:N/A,,0.0,"kept confirmed: controlled, no controlling candidate on file and no SOS reports (local committee; loads nothing)"
71fd8dc6-33f7-4774-a1fa-05187923f061,f1f9d53e-2972-406d-9979-90119d893508,Deborah Klein Lopez,1477694,LOPEZ FOR ASSEMBLY 2026; DEBORAH KLEIN,LOPEZ FOR ASSEMBLY 2026; DEBORAH KLEIN,805,ACTIVE,40002:CONTROLLED,0:N/A,DEBORAH KLEIN LOPEZ; Deborah Lopez,918638.91,"kept confirmed: controlled by this person, name matches, SOS e-filed reports"
9e20b1b3-115e-41bf-8082-c9caec6435f8,db853cfa-ab6d-4a30-bfbc-fb05b3956970,Debra Martin,1421994,MARTIN FOR CITY COUNCIL 2020; DEBRA,MARTIN FOR CITY COUNCIL 2020; DEBRA,909,TERMINATED,40002:CONTROLLED,0:N/A,,0.0,"kept confirmed: controlled, no controlling candidate on file and no SOS reports (local committee; loads nothing)"
527dbd92-ca3f-47b0-964f-699b7779a021,db853cfa-ab6d-4a30-bfbc-fb05b3956970,Debra Martin,1466085,MARTIN FOR POMONA CITY COUNCIL 2024; DEBRA,MARTIN FOR POMONA CITY COUNCIL 2024; DEBRA,909,ACTIVE,40002:CONTROLLED,0:N/A,,0.0,"kept confirmed: controlled, no controlling candidate on file and no SOS reports (local committee; loads nothing)"
6be3a290-e454-4487-a45e-1d8f2ce1a142,729bc539-3175-4e5d-96ba-c18768890e1e,Dionne Faulk,1456728,FAULK FOR CITY COUNCIL 2024; DIONNE,FAULK FOR CITY COUNCIL 2024; DIONNE,310,TERMINATED,40002:CONTROLLED,0:N/A,,0.0,"kept confirmed: controlled, no controlling candidate on file and no SOS reports (local committee; loads nothing)"
853bb3f5-3d2b-4adc-9d80-57bd0df085ba,b81d5aad-1765-47b5-88c8-fbe15cd8af9a,Dr. Monica Sanchez,1419255,SANCHEZ FOR CITY COUNCIL 2020; DR. MONICA,SANCHEZ FOR CITY COUNCIL 2020; DR. MONICA,213,TERMINATED,40002:CONTROLLED,0:N/A,,0.0,"kept confirmed: controlled, no controlling candidate on file and no SOS reports (local committee; loads nothing)"
03741251-e6db-4f04-8fea-75fd3620a86f,b81d5aad-1765-47b5-88c8-fbe15cd8af9a,Dr. Monica Sanchez,1433924,"SANCHEZ, LUIS ALVARADO, ERIK LUTZ FOR CITY COUNCIL 2020; STRONG CITIES PAC TO SUPPORT MONICA","SANCHEZ, LUIS ALVARADO, ERIK LUTZ FOR CITY COUNCIL 2020; STRONG CITIES PAC TO SUPPORT MONICA",323,TERMINATED,0:N/A,40102:PRIMARILY FORMED CANDIDATE,,0.0,"DISPUTED by CA_0212: Cal-Access category PRIMARILY FORMED CANDIDATE (an independent committee, not theirs)"
f5376f94-1eba-43c2-a164-9d4f4ddbac6b,b1f92486-f493-49da-8b9e-5b0c9d896929,Ed Chen,1464240,CHEN FOR CITY COUNCIL 2028; ED,CHEN FOR CITY COUNCIL 2028; ED,626,ACTIVE,40002:CONTROLLED,0:N/A,,0.0,"kept confirmed: controlled, no controlling candidate on file and no SOS reports (local committee; loads nothing)"
aff6f0ff-c774-4f78-b8ea-70493638fb6f,6786edfc-849f-4560-9f09-78ccd1657517,Edward T. Garcia,1380117,GARCIA FOR PERRIS ELEMENTARY SCHOOL BOARD 2015; EDWARD,GARCIA FOR PERRIS ELEMENTARY SCHOOL BOARD 2015; EDWARD,909,ACTIVE,40002:CONTROLLED,0:N/A,,0.0,"kept confirmed: controlled, no controlling candidate on file and no SOS reports (local committee; loads nothing)"
3cf5a46e-3159-43ff-bf34-1a17973e3b20,173f125c-0ec3-488e-8b74-ffd991e1a87b,Eileen Wang,1444577,WANG FOR ARCADIA CITY COUNCIL 2022; EILEEN,WANG FOR ARCADIA CITY COUNCIL 2022; EILEEN,626,TERMINATED,40002:CONTROLLED,0:N/A,,0.0,"kept confirmed: controlled, no controlling candidate on file and no SOS reports (local committee; loads nothing)"
f121660a-9406-44b3-8b88-46bde393ecd7,03df7cce-7502-4089-acd5-139841002cbe,Eleni Kounalakis,1460033,KOUNALAKIS FOR GOVERNOR 2026; ELENI,KOUNALAKIS FOR GOVERNOR 2026; ELENI,916,ACTIVE,40002:CONTROLLED,0:N/A,ELENI KOUNALAKIS,5879191.82,"kept confirmed: controlled by this person, name matches, SOS e-filed reports"
41594a69-60be-4e3f-ab09-26333889cc0f,03df7cce-7502-4089-acd5-139841002cbe,Eleni Kounalakis,1413981,Confirmed via Cal-Access FILERNAME_CD.TSV (2026-03-25): KOUNALAKIS FOR LIEUTENANT GOVERNOR 2022; RE-ELECT ELENI (ACTIVE),KOUNALAKIS FOR LIEUTENANT GOVERNOR 2022; RE-ELECT ELENI,916,ACTIVE,40002:CONTROLLED,0:N/A,ELENI KOUNALAKIS,5262156.63,"kept confirmed: controlled by this person, name matches, SOS e-filed reports"
dc5ba982-515c-46e1-b47d-e84c8c8fc39a,6ed19c10-7b34-47f0-8705-0d154271e362,Eloy Morales,1357192,"MORALES FOR STATE ASSEMBLY 2014, ELOY","MORALES FOR STATE ASSEMBLY 2014, ELOY",213,TERMINATED,40002:CONTROLLED,0:N/A,ELOY MORALES,90810.0,"kept confirmed: controlled by this person, name matches, SOS e-filed reports"
51858975-2079-4a4f-8281-89ae7ad7c84a,6ed19c10-7b34-47f0-8705-0d154271e362,Eloy Morales,1292770,"MORALES JR., COMMITTEE TO RE-ELECT COUNCILMAN ELOY","MORALES JR., COMMITTEE TO RE-ELECT COUNCILMAN ELOY",818,ACTIVE,40002:CONTROLLED,0:N/A,ELOY MORALES,5500.0,"kept confirmed: controlled by this person, name matches, SOS e-filed reports"
6a675d76-a518-4826-8bf5-6b6cdd409337,6ed19c10-7b34-47f0-8705-0d154271e362,Eloy Morales,1251899,"MORALES JR., FRIENDS OF ELOY","MORALES JR., FRIENDS OF ELOY",310,TERMINATED,40002:CONTROLLED,0:N/A,,0.0,"kept confirmed: controlled, no controlling candidate on file and no SOS reports (local committee; loads nothing)"
93f7299d-ae86-4486-8321-68c8781516d5,e024113e-ab16-4af6-aa75-d6ce89690a19,Eric Ohlsen,1450839,OHLSEN FOR COUNCIL 2022,OHLSEN FOR COUNCIL 2022,661,TERMINATED,40002:CONTROLLED,0:N/A,,0.0,"kept confirmed: controlled, no controlling candidate on file and no SOS reports (local committee; loads nothing)"
8d54c51f-9ccb-4dd8-bf85-2171f93385c6,e024113e-ab16-4af6-aa75-d6ce89690a19,Eric Ohlsen,1479393,OHLSEN FOR COUNCIL 2026,OHLSEN FOR COUNCIL 2026,661,ACTIVE,40002:CONTROLLED,0:N/A,,0.0,"kept confirmed: controlled, no controlling candidate on file and no SOS reports (local committee; loads nothing)"
fd2a073f-b8f2-4e25-8020-eb0ccf077881,41ef8aaa-b604-4725-b46d-dab1656cc198,Fiona Ma,1457360,MA FOR LIEUTENANT GOVERNOR 2026; FIONA,MA FOR LIEUTENANT GOVERNOR 2026; FIONA,916,ACTIVE,40002:CONTROLLED,0:N/A,FIONA MA,9637258.26,"kept confirmed: controlled by this person, name matches, SOS e-filed reports"
e973d871-d3c4-4a5b-b543-a861204a7279,03575512-bf5d-4611-84dd-a8624c903164,Frank Garcia,1429107,GARCIA FOR MAYWOOD CITY COUNCIL 2024; FRANK,GARCIA FOR MAYWOOD CITY COUNCIL 2024; FRANK,323,ACTIVE,40002:CONTROLLED,0:N/A,,0.0,"kept confirmed: controlled, no controlling candidate on file and no SOS reports (local committee; loads nothing)"
02b6966c-2aa2-4893-a6e1-3e28a6577937,90b0fc60-30ca-4388-92b0-ff5dd2b443cb,Gabriela Camacho,1452266,CAMACHO FOR LYNWOOD CITY COUNCIL 2022; GABRIELA,CAMACHO FOR LYNWOOD CITY COUNCIL 2022; GABRIELA,213,TERMINATED,40002:CONTROLLED,0:N/A,,0.0,"kept confirmed: controlled, no controlling candidate on file and no SOS reports (local committee; loads nothing)"
1cb0d3a3-3b72-476e-83c5-6b064c4ebe71,f26309c8-2525-49b2-bdaf-62980cbb1853,Gavin Newsom,1414018,Confirmed via Cal-Access FILERNAME_CD.TSV (2026-03-25): NEWSOM FOR CALIFORNIA GOVERNOR 2022 (ACTIVE),NEWSOM FOR CALIFORNIA GOVERNOR 2022,916,ACTIVE,40002:CONTROLLED,0:N/A,GAVIN NEWSOM,23008654.11,"kept confirmed: controlled by this person, name matches, SOS e-filed reports"
ffe32d48-3903-4377-a456-f3daac53370a,f26309c8-2525-49b2-bdaf-62980cbb1853,Gavin Newsom,1418587,NEWSOM; RAN ACTION FUND COMMITTEE TO RECALL GAVIN,NEWSOM; RAN ACTION FUND COMMITTEE TO RECALL GAVIN,858,TERMINATED,0:N/A,40102:PRIMARILY FORMED CANDIDATE,,33172.8,"DISPUTED by CA_0212: Cal-Access category PRIMARILY FORMED CANDIDATE (an independent committee, not theirs)"
e92a2a9b-adbf-422d-a79b-6bd59f261ae6,3dfd7349-e0e2-486d-8767-8dfc203ca986,George Chen,1399172,CHEN FOR TORRANCE CITY COUNCIL 2018; GEORGE,CHEN FOR TORRANCE CITY COUNCIL 2018; GEORGE,310,TERMINATED,40002:CONTROLLED,0:N/A,,0.0,"kept confirmed: controlled, no controlling candidate on file and no SOS reports (local committee; loads nothing)"
d25c2162-b222-470b-a81e-26df6352a9e4,3dfd7349-e0e2-486d-8767-8dfc203ca986,George Chen,1437056,CHEN FOR TORRANCE MAYOR 2022; GEORGE,CHEN FOR TORRANCE MAYOR 2022; GEORGE,310,ACTIVE,40002:CONTROLLED,0:N/A,,0.0,"kept confirmed: controlled, no controlling candidate on file and no SOS reports (local committee; loads nothing)"
eedf879b-636e-4d73-b63c-6520cc412808,7a04bf87-ab95-4ae7-a142-9899662637b1,Gloria D. Gray,1357912,"GRAY FOR ASSEMBLY 2014, GLORIA","GRAY FOR ASSEMBLY 2014, GLORIA",323,TERMINATED,40002:CONTROLLED,0:N/A,GLORIA GRAY,43090.0,"kept confirmed: controlled by this person, name matches, SOS e-filed reports"
ddf48903-cc45-4ddb-9aa5-83c86f36fb34,a5595064-ce36-4b12-8eca-a2d796759d53,Gracey Van Der Mark,1481181,VAN DER MARK FOR ASSEMBLY 2026; GRACEY,VAN DER MARK FOR ASSEMBLY 2026; GRACEY,323,ACTIVE,40002:CONTROLLED,0:N/A,GRACEY VAN DER MARK,246784.0,"kept confirmed: controlled by this person, name matches, SOS e-filed reports"
8fa8190c-c874-4b8e-a06b-0e03605a7f4d,a5595064-ce36-4b12-8eca-a2d796759d53,Gracey Van Der Mark,1410613,VAN DER MARK FOR GOVERNING BOARD MEMBER OF THE OCEAN VIEW SCHOOL DISTRICT 2018; COMMITTEE TO ELECT GRACEY,VAN DER MARK FOR GOVERNING BOARD MEMBER OF THE OCEAN VIEW SCHOOL DISTRICT 2018; COMMITTEE TO ELECT GRACEY,323,TERMINATED,40002:CONTROLLED,0:N/A,,0.0,"kept confirmed: controlled, no controlling candidate on file and no SOS reports (local committee; loads nothing)"
149596f9-2bcc-4f07-980e-e7c7f7203c14,a5595064-ce36-4b12-8eca-a2d796759d53,Gracey Van Der Mark,1429977,VAN DER MARK FOR HUNTINGTON BEACH CITY COUNCIL 2020; GRACEY,VAN DER MARK FOR HUNTINGTON BEACH CITY COUNCIL 2020; GRACEY,323,ACTIVE,40002:CONTROLLED,0:N/A,Gracey Van Der Mark,0.0,"kept confirmed: controlled by this person, name matches, SOS e-filed reports"
5fb10ea4-62be-4467-b99b-30329c72c5ea,29a8c85b-2572-463c-8034-8986615d7717,Heather Hutt,1469109,HUTT FOR CITY COUNCIL 2024 - GENERAL; HEATHER,HUTT FOR CITY COUNCIL 2024 - GENERAL; HEATHER,213,ACTIVE,40002:CONTROLLED,0:N/A,,0.0,"kept confirmed: controlled, no controlling candidate on file and no SOS reports (local committee; loads nothing)"
ba272356-1877-445a-b9a9-e8c6852c3100,f1f3e6ca-5532-4f33-8ec2-64791b08f59b,Hilda L. Solis,1356549,SOLIS FOR SUPERVISOR 2014,SOLIS FOR SUPERVISOR 2014,323,TERMINATED,40002:CONTROLLED,0:N/A,,0.0,"kept confirmed: controlled, no controlling candidate on file and no SOS reports (local committee; loads nothing)"
f82e52f3-07a3-463b-8469-86c3f8fd7279,f1f3e6ca-5532-4f33-8ec2-64791b08f59b,Hilda L. Solis,1436739,Solis for Supervisor 2022,SOLIS FOR SUPERVISOR 2022,323,ACTIVE,40002:CONTROLLED,0:N/A,,0.0,"kept confirmed: controlled, no controlling candidate on file and no SOS reports (local committee; loads nothing)"
317f1a37-a5e0-4e7e-ac34-65d9ee78e4ac,fc5fda5f-f5bb-49bd-b7b3-b56eeaa6bb50,Holly J. Mitchell,1314638,"MITCHELL FOR ASSEMBLY 2010, HOLLY J.","MITCHELL FOR ASSEMBLY 2010, HOLLY J.",323,TERMINATED,40002:CONTROLLED,0:N/A,HOLLY MITCHELL; Holly J. Mitchell,701634.62,"kept confirmed: controlled by this person, name matches, SOS e-filed reports"
ef39d0c9-7cc0-47a2-80e8-16bb2156159d,fc5fda5f-f5bb-49bd-b7b3-b56eeaa6bb50,Holly J. Mitchell,1333909,"MITCHELL FOR ASSEMBLY 2012, HOLLY J.","MITCHELL FOR ASSEMBLY 2012, HOLLY J.",323,TERMINATED,40002:CONTROLLED,0:N/A,HOLLY MITCHELL; Holly J. Mitchell,457849.43,"kept confirmed: controlled by this person, name matches, SOS e-filed reports"
b56532ec-c180-442c-9274-440acc45972e,fc5fda5f-f5bb-49bd-b7b3-b56eeaa6bb50,Holly J. Mitchell,1355252,"MITCHELL FOR ASSEMBLY 2014, HOLLY","MITCHELL FOR ASSEMBLY 2014, HOLLY",323,TERMINATED,40002:CONTROLLED,0:N/A,HOLLY MITCHELL; Holly J. Mitchell,198400.0,"kept confirmed: controlled by this person, name matches, SOS e-filed reports"
69658a9e-d85e-4be6-a4c6-fb2af585acd9,fc5fda5f-f5bb-49bd-b7b3-b56eeaa6bb50,Holly J. Mitchell,1421304,"MITCHELL FOR COUNTY SUPERVISOR 2020, SPONSORED BY LA VOICE ACTION; WORKING FAMILIES FOR HOLLY","MITCHELL FOR COUNTY SUPERVISOR 2020, SPONSORED BY LA VOICE ACTION; WORKING FAMILIES FOR HOLLY",213,TERMINATED,0:N/A,40102:PRIMARILY FORMED CANDIDATE,,0.0,"DISPUTED by CA_0212: Cal-Access category PRIMARILY FORMED CANDIDATE (an independent committee, not theirs)"
1ddf76b6-dd6a-4464-95df-b7d1d13ff99c,fc5fda5f-f5bb-49bd-b7b3-b56eeaa6bb50,Holly J. Mitchell,1415889,MITCHELL FOR COUNTY SUPERVISOR 2020; HOLLY J.,MITCHELL FOR COUNTY SUPERVISOR 2020; HOLLY J.,916,TERMINATED,40002:CONTROLLED,0:N/A,HOLLY MITCHELL; Holly J. Mitchell,1740680.71,"kept confirmed: controlled by this person, name matches, SOS e-filed reports"
a47013d1-f822-475f-9aa9-512827aaf14c,fc5fda5f-f5bb-49bd-b7b3-b56eeaa6bb50,Holly J. Mitchell,1458425,Holly J. Mitchell for County Supervisor 2024,MITCHELL FOR COUNTY SUPERVISOR 2024; HOLLY J.,916,TERMINATED,40002:CONTROLLED,0:N/A,,0.0,"kept confirmed: controlled, no controlling candidate on file and no SOS reports (local committee; loads nothing)"
b35cfc8b-1701-4df4-bc9b-8dd8935ac1b4,fc5fda5f-f5bb-49bd-b7b3-b56eeaa6bb50,Holly J. Mitchell,1424932,MITCHELL FOR LA SUPERVISOR 2020; COMMUNITIES UNITED FOR HOLLY,MITCHELL FOR LA SUPERVISOR 2020; COMMUNITIES UNITED FOR HOLLY,916,TERMINATED,0:N/A,40102:PRIMARILY FORMED CANDIDATE,,0.0,"DISPUTED by CA_0212: Cal-Access category PRIMARILY FORMED CANDIDATE (an independent committee, not theirs)"
75d5d4de-88cf-4e2b-9ae1-35b1b1b10f08,fc5fda5f-f5bb-49bd-b7b3-b56eeaa6bb50,Holly J. Mitchell,1415447,MITCHELL FOR SECRETARY OF STATE 2022; HOLLY J.,MITCHELL FOR SECRETARY OF STATE 2022; HOLLY J.,916,TERMINATED,40002:CONTROLLED,0:N/A,HOLLY MITCHELL; Holly J. Mitchell,162961.14,"kept confirmed: controlled by this person, name matches, SOS e-filed reports"
562048e9-2b21-4594-8fb1-10156519cd63,fc5fda5f-f5bb-49bd-b7b3-b56eeaa6bb50,Holly J. Mitchell,1358812,"MITCHELL FOR SENATE 2013, HOLLY J.","MITCHELL FOR SENATE 2013, HOLLY J.",213,TERMINATED,40002:CONTROLLED,0:N/A,HOLLY MITCHELL; Holly J. Mitchell,478945.86,"kept confirmed: controlled by this person, name matches, SOS e-filed reports"
5e6744e1-ceb4-4866-b80a-785794ee0ef8,fc5fda5f-f5bb-49bd-b7b3-b56eeaa6bb50,Holly J. Mitchell,1361039,"MITCHELL FOR SENATE 2014, HOLLY J.","MITCHELL FOR SENATE 2014, HOLLY J.",213,TERMINATED,40002:CONTROLLED,0:N/A,HOLLY MITCHELL; Holly J Mitchell,472235.41,"kept confirmed: controlled by this person, name matches, SOS e-filed reports"
5ad98135-09c5-4734-bed7-2e32adab677a,fc5fda5f-f5bb-49bd-b7b3-b56eeaa6bb50,Holly J. Mitchell,1373775,MITCHELL FOR SENATE 2018; HOLLY J.,MITCHELL FOR SENATE 2018; HOLLY J.,213,TERMINATED,40002:CONTROLLED,0:N/A,HOLLY MITCHELL; Holly J. Mitchell,1264746.5,"kept confirmed: controlled by this person, name matches, SOS e-filed reports"
43d3bfcf-db3b-4162-aca8-a516b02adb22,fc5fda5f-f5bb-49bd-b7b3-b56eeaa6bb50,Holly J. Mitchell,1435302,MITCHELL OFFICEHOLDER 2020; SUPERVISOR HOLLY J.,MITCHELL OFFICEHOLDER 2020; SUPERVISOR HOLLY J.,916,ACTIVE,40002:CONTROLLED,0:N/A,HOLLY MITCHELL; Holly J. Mitchell,84800.0,"kept confirmed: controlled by this person, name matches, SOS e-filed reports"
50760a9a-790d-403e-a4cb-5a3e2b711fb5,fc5fda5f-f5bb-49bd-b7b3-b56eeaa6bb50,Holly J. Mitchell,1414025,MITCHELL OFFICEHOLDER ACCOUNT 2018; SENATOR HOLLY J,MITCHELL OFFICEHOLDER ACCOUNT 2018; SENATOR HOLLY J,213,TERMINATED,40002:CONTROLLED,0:N/A,HOLLY MITCHELL; Holly J. Mitchell,45600.0,"kept confirmed: controlled by this person, name matches, SOS e-filed reports"
fb5c6993-e79c-4ce3-9315-2903c8f8728d,97285c92-b664-4687-a1e4-6d88cf9c7fe4,Jacqui Irwin,1414701,IRWIN FOR ASSEMBLY 2020,IRWIN FOR ASSEMBLY 2020,916,TERMINATED,40002:CONTROLLED,0:N/A,JACQUI IRWIN,993970.48,"kept confirmed: controlled by this person, name matches, SOS e-filed reports"
bcb6095f-7f34-4cdc-84c2-a65c52d6fb97,97285c92-b664-4687-a1e4-6d88cf9c7fe4,Jacqui Irwin,1478936,IRWIN FOR LIEUTENANT GOVERNOR 2030,IRWIN FOR LIEUTENANT GOVERNOR 2030,916,ACTIVE,40002:CONTROLLED,0:N/A,JACQUI IRWIN,1009250.78,"kept confirmed: controlled by this person, name matches, SOS e-filed reports"
8d2d7e01-a664-4bdc-bec0-cb47ecbd14d1,f5775ca1-99f4-4cc2-acf2-5afaacdd94b3,James T. Butts Jr.,1325645,BUTTS FOR MAYOR 2026; JAMES,BUTTS FOR MAYOR 2026; JAMES,213,ACTIVE,40002:CONTROLLED,0:N/A,,0.0,"kept confirmed: controlled, no controlling candidate on file and no SOS reports (local committee; loads nothing)"
83e550bc-af5b-488b-b694-faaef3d0c70b,6640a2dd-0f1d-4f3e-a794-23e3cc716ae6,Janice Hahn,1303992,"HAHN 2009, COMMITTEE TO RE-ELECT JANICE","HAHN 2009, COMMITTEE TO RE-ELECT JANICE",213,TERMINATED,40002:CONTROLLED,0:N/A,JANICE HAHN,4900.0,"kept confirmed: controlled by this person, name matches, SOS e-filed reports"
0c5ff44b-cfe7-4453-9173-38834c523da5,6640a2dd-0f1d-4f3e-a794-23e3cc716ae6,Janice Hahn,1394146,HAHN 2016 OFFICEHOLDER; SUPERVISOR JANICE,HAHN 2016 OFFICEHOLDER; SUPERVISOR JANICE,213,ACTIVE,40002:CONTROLLED,0:N/A,,0.0,"kept confirmed: controlled, no controlling candidate on file and no SOS reports (local committee; loads nothing)"
3939a6ac-f857-449a-a2a2-8078d4ac2aba,6640a2dd-0f1d-4f3e-a794-23e3cc716ae6,Janice Hahn,1376011,"HAHN FOR SUPERVISOR 2016, JANICE","HAHN FOR SUPERVISOR 2016, JANICE",213,TERMINATED,40002:CONTROLLED,0:N/A,,0.0,"kept confirmed: controlled, no controlling candidate on file and no SOS reports (local committee; loads nothing)"
fa55ef24-efc1-4c57-972d-d1c6d9fad054,6640a2dd-0f1d-4f3e-a794-23e3cc716ae6,Janice Hahn,1414469,HAHN FOR SUPERVISOR 2020; JANICE,HAHN FOR SUPERVISOR 2020; JANICE,213,TERMINATED,40002:CONTROLLED,0:N/A,,0.0,"kept confirmed: controlled, no controlling candidate on file and no SOS reports (local committee; loads nothing)"
f03b4d07-c911-4269-b1c8-a79e1effe247,6640a2dd-0f1d-4f3e-a794-23e3cc716ae6,Janice Hahn,1457362,Janice Hahn for Supervisor 2024,HAHN FOR SUPERVISOR 2024; JANICE,213,TERMINATED,40002:CONTROLLED,0:N/A,,0.0,"kept confirmed: controlled, no controlling candidate on file and no SOS reports (local committee; loads nothing)"
f6a69ced-47da-4bbd-b941-9999d725852f,6640a2dd-0f1d-4f3e-a794-23e3cc716ae6,Janice Hahn,1321242,"HAHN LIEUTENANT GOVERNOR 2010 EXPLORATORY COMMITTEE, THE JANICE","HAHN LIEUTENANT GOVERNOR 2010 EXPLORATORY COMMITTEE, THE JANICE",213,TERMINATED,40002:CONTROLLED,0:N/A,JANICE HAHN,1071735.77,"kept confirmed: controlled by this person, name matches, SOS e-filed reports"
cb26f9a8-71a2-492b-9a47-09ae500d5342,6640a2dd-0f1d-4f3e-a794-23e3cc716ae6,Janice Hahn,1260193,"HAHN, COMMITTEE TO RE-ELECT JANICE","HAHN, COMMITTEE TO RE-ELECT JANICE",213,TERMINATED,40002:CONTROLLED,0:N/A,,0.0,"kept confirmed: controlled, no controlling candidate on file and no SOS reports (local committee; loads nothing)"
7cce31b0-626a-404a-9d92-442d74c74ecc,85233a92-ce12-4567-910e-be1776cd4aac,Jeff Prang,1359913,"PRANG COUNTY ASSESSOR 2014 OFFICEHOLDER ACCOUNT, JEFF","PRANG COUNTY ASSESSOR 2014 OFFICEHOLDER ACCOUNT, JEFF",323,TERMINATED,40002:CONTROLLED,0:N/A,,0.0,"kept confirmed: controlled, no controlling candidate on file and no SOS reports (local committee; loads nothing)"
c7758875-29cb-4940-88e4-d9d22c5e675d,85233a92-ce12-4567-910e-be1776cd4aac,Jeff Prang,1435798,PRANG FOR ASSESSOR 2022; JEFF,PRANG FOR ASSESSOR 2022; JEFF,323,TERMINATED,40002:CONTROLLED,0:N/A,,0.0,"kept confirmed: controlled, no controlling candidate on file and no SOS reports (local committee; loads nothing)"
7098fe98-de56-43c8-b4bc-337d97900e32,85233a92-ce12-4567-910e-be1776cd4aac,Jeff Prang,1366093,"PRANG FOR L.A. COUNTY ASSESSOR 2014 (INDEPENDENT EXPENDITURE), FRIENDS OF JEFF","PRANG FOR L.A. COUNTY ASSESSOR 2014 (INDEPENDENT EXPENDITURE), FRIENDS OF JEFF",213,TERMINATED,0:N/A,40102:PRIMARILY FORMED CANDIDATE,,0.0,"DISPUTED by CA_0212: Cal-Access category PRIMARILY FORMED CANDIDATE (an independent committee, not theirs)"
2663b052-c093-4df1-9e9c-de1cde848f35,3ed36508-9ae9-41af-aaba-e5e39bb87aa7,Jennifer Perez,1451318,PEREZ FOR CITY COUNCIL 2022; COMMITTEE TO RE-ELECT JENNIFER,PEREZ FOR CITY COUNCIL 2022; COMMITTEE TO RE-ELECT JENNIFER,213,TERMINATED,40002:CONTROLLED,0:N/A,,0.0,"kept confirmed: controlled, no controlling candidate on file and no SOS reports (local committee; loads nothing)"
5314c1cf-711f-4162-954f-591f6ea372a0,3ed36508-9ae9-41af-aaba-e5e39bb87aa7,Jennifer Perez,1454775,PEREZ FOR NORWALK CITY COUNCIL 2022; COMMITTEE FOR A STRONG NORWALK: SUPPORTING JENNIFER,PEREZ FOR NORWALK CITY COUNCIL 2022; COMMITTEE FOR A STRONG NORWALK: SUPPORTING JENNIFER,916,TERMINATED,0:N/A,40102:PRIMARILY FORMED CANDIDATE,,0.0,"DISPUTED by CA_0212: Cal-Access category PRIMARILY FORMED CANDIDATE (an independent committee, not theirs)"
71b3a46b-f778-46d1-afdf-079eae817eb4,f173ce9a-6941-4570-bd3f-97bc1157beaf,Jesse Gabriel,1476845,GABRIEL FOR ASSEMBLY 2026; JESSE,GABRIEL FOR ASSEMBLY 2026; JESSE,213,ACTIVE,40002:CONTROLLED,0:N/A,JESSE GABRIEL,1163988.57,"kept confirmed: controlled by this person, name matches, SOS e-filed reports"
78fbd584-a5f3-49d4-a7cc-aa52c1f9f832,c7f76380-249c-436b-824c-ba44ff496c40,Jessica Ancona,1458400,ANCONA FOR MAYOR 2024,ANCONA FOR MAYOR 2024,626,TERMINATED,40002:CONTROLLED,0:N/A,,0.0,"kept confirmed: controlled, no controlling candidate on file and no SOS reports (local committee; loads nothing)"
05dc77b5-971a-45ab-be2a-acf32ef46fbf,d2e60dbe-31b5-44e0-9c95-b95b65bdb697,Joe Franklin,1429329,FRANKLIN FOR MANHATTAN BEACH CITY COUNCIL 2020; JOE,FRANKLIN FOR MANHATTAN BEACH CITY COUNCIL 2020; JOE,213,TERMINATED,40002:CONTROLLED,0:N/A,,0.0,"kept confirmed: controlled, no controlling candidate on file and no SOS reports (local committee; loads nothing)"
259fa81a-522e-4a69-9d05-536791becef6,780ddbc3-396e-44c2-8f4b-4a05a6a53ada,Joni Ricks-Oddie,1443373,RICKS-ODDIE FOR COUNCIL 2022,RICKS-ODDIE FOR COUNCIL 2022,562,TERMINATED,40002:CONTROLLED,0:N/A,,0.0,"kept confirmed: controlled, no controlling candidate on file and no SOS reports (local committee; loads nothing)"
7879d278-d8db-43ec-9d55-0fbb60c01931,780ddbc3-396e-44c2-8f4b-4a05a6a53ada,Joni Ricks-Oddie,1458182,RICKS-ODDIE FOR COUNCIL 2022 OFFICEHOLDER ACCOUNT,RICKS-ODDIE FOR COUNCIL 2022 OFFICEHOLDER ACCOUNT,562,ACTIVE,40002:CONTROLLED,0:N/A,,0.0,"kept confirmed: controlled, no controlling candidate on file and no SOS reports (local committee; loads nothing)"
d78a1dba-1509-42fe-be71-a56d7c7d647a,b7787103-e3f0-4f55-9c22-8ec049c0880b,Jorge Herrera Avila,1463438,HERRERA AVILA FOR CITY COUNCIL 2024; JORGE,HERRERA AVILA FOR CITY COUNCIL 2024; JORGE,626,ACTIVE,40002:CONTROLLED,0:N/A,,0.0,"kept confirmed: controlled, no controlling candidate on file and no SOS reports (local committee; loads nothing)"
ddf7fb52-e206-4467-bd4c-b71ffffacbb9,b7787103-e3f0-4f55-9c22-8ec049c0880b,Jorge Herrera Avila,1479411,HERRERA AVILA FOR CITY COUNCIL 2028; JORGE,HERRERA AVILA FOR CITY COUNCIL 2028; JORGE,626,ACTIVE,40002:CONTROLLED,0:N/A,,0.0,"kept confirmed: controlled, no controlling candidate on file and no SOS reports (local committee; loads nothing)"
a146a885-7204-4dc6-bd9e-842aa539ecc3,1caa9043-2397-4f75-b430-acc0623d64d7,Jose Luis Solache Jr.,1443410,SOLACHE FOR ASSEMBLY 2024; FRIENDS OF,SOLACHE FOR ASSEMBLY 2024; FRIENDS OF,213,TERMINATED,40002:CONTROLLED,0:N/A,JOSE SOLACHE; Jose Luis Solache,1089780.22,kept confirmed: reviewed by hand -- Jose Luis Solache Jr's own committee (the matcher read 'Jr' as part of the surname)
ea5fc56b-b2e9-48b7-b460-cb55d48a5ea0,1caa9043-2397-4f75-b430-acc0623d64d7,Jose Luis Solache Jr.,1477768,SOLACHE FOR ASSEMBLY 2026; FRIENDS OF,SOLACHE FOR ASSEMBLY 2026; FRIENDS OF,213,ACTIVE,40002:CONTROLLED,0:N/A,JOSE SOLACHE,1004040.04,kept confirmed: reviewed by hand -- Jose Luis Solache Jr's own committee (the matcher read 'Jr' as part of the surname)
76103aa2-1ce3-4b49-89ca-29b8c62b4829,1caa9043-2397-4f75-b430-acc0623d64d7,Jose Luis Solache Jr.,1359076,"SOLACHE FOR CITY COUNCIL 2013, FRIENDS OF","SOLACHE FOR CITY COUNCIL 2013, FRIENDS OF",213,TERMINATED,40002:CONTROLLED,0:N/A,JOSE SOLACHE; JOSE LUIS SOLACHE,135743.39,kept confirmed: reviewed by hand -- Jose Luis Solache Jr's own committee (the matcher read 'Jr' as part of the surname)
3d508f2c-f2c7-4a6e-9781-5ab01928dc3e,1caa9043-2397-4f75-b430-acc0623d64d7,Jose Luis Solache Jr.,1451483,SOLACHE FOR CITY COUNCIL 2022; FRIENDS OF,SOLACHE FOR CITY COUNCIL 2022; FRIENDS OF,213,TERMINATED,40002:CONTROLLED,0:N/A,Jose Luis Solache,76120.54,kept confirmed: reviewed by hand -- Jose Luis Solache Jr's own committee (the matcher read 'Jr' as part of the surname)
7f1dd72a-a80d-48e8-82ea-788b5cdac363,1caa9043-2397-4f75-b430-acc0623d64d7,Jose Luis Solache Jr.,1256708,"SOLACHE FOR SCHOOL BOARD 2011, FRIENDS OF","SOLACHE FOR SCHOOL BOARD 2011, FRIENDS OF",310,TERMINATED,40002:CONTROLLED,0:N/A,,0.0,"kept confirmed: controlled, no controlling candidate on file and no SOS reports (local committee; loads nothing)"
5c4caa09-181e-47d4-bba0-d3df143161b3,1caa9043-2397-4f75-b430-acc0623d64d7,Jose Luis Solache Jr.,1415363,SOLACHE FOR SENATE 2019 SPECIAL; FRIENDS OF,SOLACHE FOR SENATE 2019 SPECIAL; FRIENDS OF,213,TERMINATED,40002:CONTROLLED,0:N/A,JOSE SOLACHE; Jose L. Solache,265387.22,kept confirmed: reviewed by hand -- Jose Luis Solache Jr's own committee (the matcher read 'Jr' as part of the surname)
844ec23f-1a2b-44f1-8429-12d46a9d915e,1caa9043-2397-4f75-b430-acc0623d64d7,Jose Luis Solache Jr.,1398575,SOLACHE FOR SENATE 2020; FRIENDS OF,SOLACHE FOR SENATE 2020; FRIENDS OF,213,TERMINATED,40002:CONTROLLED,0:N/A,JOSE SOLACHE; Jose L. Solache,133150.0,kept confirmed: reviewed by hand -- Jose Luis Solache Jr's own committee (the matcher read 'Jr' as part of the surname)
6127f32b-66d8-4697-87b5-16c0b7c0a961,39d99fc2-b8ab-4846-8ff3-bcb65e16bee4,Josh Lowenthal,1477066,LOWENTHAL FOR ASSEMBLY 2026; JOSH,LOWENTHAL FOR ASSEMBLY 2026; JOSH,916,ACTIVE,40002:CONTROLLED,0:N/A,JOSH LOWENTHAL,711068.64,"kept confirmed: controlled by this person, name matches, SOS e-filed reports"
e527a6f2-73a1-4e84-acbe-20459d835635,b959d608-5674-467e-a1c8-3572c76a729b,Juan Carrillo,1386227,CARRILLO DISTRICT 4 CITY COUNCIL 2016; COMMITTEE TO ELECT JUAN,CARRILLO DISTRICT 4 CITY COUNCIL 2016; COMMITTEE TO ELECT JUAN,661,ACTIVE,40002:CONTROLLED,0:N/A,,0.0,"kept confirmed: controlled, no controlling candidate on file and no SOS reports (local committee; loads nothing)"
e282085e-1694-4f91-8409-c86f22b7137d,b959d608-5674-467e-a1c8-3572c76a729b,Juan Carrillo,1456748,CARRILLO FOR ASSEMBLY 2024; JUAN,CARRILLO FOR ASSEMBLY 2024; JUAN,619,TERMINATED,40002:CONTROLLED,0:N/A,JUAN CARRILLO,1198224.16,"kept confirmed: controlled by this person, name matches, SOS e-filed reports"
935ecd02-cccc-4b67-9283-4639a49b64c4,de2ca46a-652a-4620-bfc7-8ff1006b26d3,Juan Muñoz-Guevara,1451822,MUNOZ-GUEVARA FOR LYNWOOD CITY COUNCIL 2022; JUAN,MUNOZ-GUEVARA FOR LYNWOOD CITY COUNCIL 2022; JUAN,424,TERMINATED,40002:CONTROLLED,0:N/A,,0.0,"kept confirmed: controlled, no controlling candidate on file and no SOS reports (local committee; loads nothing)"
c415cb45-6932-4075-8980-005c840f7c82,d75dfa60-351b-4f0d-880a-45acf013c82a,Judy Chu,1233946,"CHU FOR ASSEMBLY, JUDY","CHU FOR ASSEMBLY, JUDY",310,TERMINATED,40002:CONTROLLED,0:N/A,JUDY CHU,308151.13,"kept confirmed: controlled by this person, name matches, SOS e-filed reports"
3f581c6d-72e0-4d88-a53c-95d065c572c6,59b781ad-22f8-46c9-b536-e19971e47fc1,Justin Jones,1461920,JONES FOR PASADENA CITY COUNCIL 2024; JUSTIN,JONES FOR PASADENA CITY COUNCIL 2024; JUSTIN,626,ACTIVE,40002:CONTROLLED,0:N/A,,0.0,"kept confirmed: controlled, no controlling candidate on file and no SOS reports (local committee; loads nothing)"
badf67e0-6384-49af-b102-2163a0f9b71c,b9149eb5-4dc6-400e-b685-92ad0fa05b18,Karen Davis,1313569,"DAVIS, COMMITTEE TO RE-ELECT KAREN","DAVIS, COMMITTEE TO RE-ELECT KAREN",626,TERMINATED,40002:CONTROLLED,0:N/A,,0.0,"kept confirmed: controlled, no controlling candidate on file and no SOS reports (local committee; loads nothing)"
1a771c19-1094-41e3-8a3b-da1be6eb45b7,21c9e711-fb18-4afb-884f-08acd2b598ba,Karen Ruth Bass,1441328,Confirmed via Cal-Access FILERNAME_CD.TSV (2026-03-25): BASS FOR MAYOR 2022; KAREN (ACTIVE),BASS FOR MAYOR 2022; KAREN,213,ACTIVE,40002:CONTROLLED,0:N/A,,0.0,"kept confirmed: controlled, no controlling candidate on file and no SOS reports (local committee; loads nothing)"
4bdf42d7-7b54-4747-b3a6-7f35ed7b73a2,122f1897-2dae-4f21-bee0-1c02c95e9e3a,Kathryn Barger,1376396,BARGER FOR SUPERVISOR 2016; KATHRYN,BARGER FOR SUPERVISOR 2016; KATHRYN,213,TERMINATED,40002:CONTROLLED,0:N/A,,0.0,"kept confirmed: controlled, no controlling candidate on file and no SOS reports (local committee; loads nothing)"
98c696ec-49aa-46e4-ae45-a4838bd97c57,122f1897-2dae-4f21-bee0-1c02c95e9e3a,Kathryn Barger,1414462,BARGER FOR SUPERVISOR 2020; KATHRYN,BARGER FOR SUPERVISOR 2020; KATHRYN,213,TERMINATED,40002:CONTROLLED,0:N/A,,0.0,"kept confirmed: controlled, no controlling candidate on file and no SOS reports (local committee; loads nothing)"
f2181c17-b063-4e24-90f7-91d99de24ef4,122f1897-2dae-4f21-bee0-1c02c95e9e3a,Kathryn Barger,1466175,"BARGER FOR SUPERVISOR 2024 SPONSORED BY CARPENTERS UNIONS; BUILDING A BETTER FUTURE, SUPPORTING KATHRYN","BARGER FOR SUPERVISOR 2024 SPONSORED BY CARPENTERS UNIONS; BUILDING A BETTER FUTURE, SUPPORTING KATHRYN",916,TERMINATED,0:N/A,40102:PRIMARILY FORMED CANDIDATE,,0.0,"DISPUTED by CA_0212: Cal-Access category PRIMARILY FORMED CANDIDATE (an independent committee, not theirs)"
5cf16f26-902f-4dc6-bd01-bd61912c44be,122f1897-2dae-4f21-bee0-1c02c95e9e3a,Kathryn Barger,1462438,BARGER FOR SUPERVISOR 2024 SPONSORED BY LABOR ORGANIZATIONS; WORKING FAMILIES AND FIRST RESPONDERS FOR KATHRYN,BARGER FOR SUPERVISOR 2024 SPONSORED BY LABOR ORGANIZATIONS; WORKING FAMILIES AND FIRST RESPONDERS FOR KATHRYN,213,TERMINATED,0:N/A,40102:PRIMARILY FORMED CANDIDATE,,0.0,"DISPUTED by CA_0212: Cal-Access category PRIMARILY FORMED CANDIDATE (an independent committee, not theirs)"
5a97d625-8c9e-4e89-8e92-b947da1fd33e,122f1897-2dae-4f21-bee0-1c02c95e9e3a,Kathryn Barger,1456528,Kathryn Barger for Supervisor 2024,BARGER FOR SUPERVISOR 2024; KATHRYN,213,ACTIVE,40002:CONTROLLED,0:N/A,,0.0,"kept confirmed: controlled, no controlling candidate on file and no SOS reports (local committee; loads nothing)"
7a699fe0-0de7-4944-976c-0e7200421a76,122f1897-2dae-4f21-bee0-1c02c95e9e3a,Kathryn Barger,1393192,BARGER OFFICEHOLDER ACCOUNT 2016; SUPERVISOR KATHRYN,BARGER OFFICEHOLDER ACCOUNT 2016; SUPERVISOR KATHRYN,213,ACTIVE,40002:CONTROLLED,0:N/A,,0.0,"kept confirmed: controlled, no controlling candidate on file and no SOS reports (local committee; loads nothing)"
34f8b492-acb6-43e5-bfbe-c9d14edd090f,601fbd52-628a-4d50-8cb4-99890f056aa2,Kristina Duggan,1444541,DUGGAN FOR CITY COUNCIL 2022; KRISTINA,DUGGAN FOR CITY COUNCIL 2022; KRISTINA,213,TERMINATED,40002:CONTROLLED,0:N/A,,0.0,"kept confirmed: controlled, no controlling candidate on file and no SOS reports (local committee; loads nothing)"
7f123f44-8a02-41c1-9b2e-1f48d8040a34,5604c5ae-d10d-4ca3-920d-dd3592278777,Lana Negrete,1446088,NEGRETE FOR CITY COUNCIL 2022; LANA,NEGRETE FOR CITY COUNCIL 2022; LANA,323,ACTIVE,40002:CONTROLLED,0:N/A,,0.0,"kept confirmed: controlled, no controlling candidate on file and no SOS reports (local committee; loads nothing)"
e87e5789-615f-4387-bc17-375206b2cf8b,007074c6-6fbe-429f-9e06-8d7251198d8a,Lauren Hughes-Leslie,1463078,HUGHES-LESLIE FOR LANCASTER CITY COUNCIL 2024; LAUREN,HUGHES-LESLIE FOR LANCASTER CITY COUNCIL 2024; LAUREN,808,ACTIVE,40002:CONTROLLED,0:N/A,,0.0,"kept confirmed: controlled, no controlling candidate on file and no SOS reports (local committee; loads nothing)"
3b0186c9-67dc-45da-8ade-4b30dcac8cfb,4f69ba91-d6f4-400e-aa46-10f1706d2f3c,Lester Friedman,1487185,FRIEDMAN FOR BEVERLY HILLS CITY COUNCIL 2026; RE-ELECT LESTER,FRIEDMAN FOR BEVERLY HILLS CITY COUNCIL 2026; RE-ELECT LESTER,310,ACTIVE,40002:CONTROLLED,0:N/A,,0.0,"kept confirmed: controlled, no controlling candidate on file and no SOS reports (local committee; loads nothing)"
65a4fa2e-be52-4905-b674-961b0f5ae6a6,4f69ba91-d6f4-400e-aa46-10f1706d2f3c,Lester Friedman,1442212,FRIEDMAN FOR BH CITY COUNCIL (2022); LESTER,FRIEDMAN FOR BH CITY COUNCIL (2022); LESTER,310,TERMINATED,40002:CONTROLLED,0:N/A,,0.0,"kept confirmed: controlled, no controlling candidate on file and no SOS reports (local committee; loads nothing)"
73111c18-6bbe-46c0-9f50-8881f7a11543,4f69ba91-d6f4-400e-aa46-10f1706d2f3c,Lester Friedman,1388782,FRIEDMAN FOR CITY COUNCIL (2017); LESTER,FRIEDMAN FOR CITY COUNCIL (2017); LESTER,310,TERMINATED,40002:CONTROLLED,0:N/A,,0.0,"kept confirmed: controlled, no controlling candidate on file and no SOS reports (local committee; loads nothing)"
a468f9bd-83f4-4dfc-9ccc-64871918eca8,81dfcf88-c739-4461-9d16-931f8d51a8c5,Lindsey P. Horvath,1457026,HORVATH FOR SUPERVISOR 2022 - OFFICEHOLDER ACCOUNT; LINDSEY,HORVATH FOR SUPERVISOR 2022 - OFFICEHOLDER ACCOUNT; LINDSEY,323,ACTIVE,40002:CONTROLLED,0:N/A,,0.0,"kept confirmed: controlled, no controlling candidate on file and no SOS reports (local committee; loads nothing)"
df41a751-c33b-47a6-95ce-7721bc6e81ed,81dfcf88-c739-4461-9d16-931f8d51a8c5,Lindsey P. Horvath,1437724,Lindsey Horvath for Supervisor 2022,HORVATH FOR SUPERVISOR 2022; LINDSEY,323,ACTIVE,40002:CONTROLLED,0:N/A,,0.0,"kept confirmed: controlled, no controlling candidate on file and no SOS reports (local committee; loads nothing)"
e9fad814-a176-42f1-9478-ffdf9df90314,81dfcf88-c739-4461-9d16-931f8d51a8c5,Lindsey P. Horvath,1478761,HORVATH FOR SUPERVISOR 2026; LINDSEY,HORVATH FOR SUPERVISOR 2026; LINDSEY,323,ACTIVE,40002:CONTROLLED,0:N/A,,0.0,"kept confirmed: controlled, no controlling candidate on file and no SOS reports (local committee; loads nothing)"
f5172eab-ecb7-4e51-9680-d7cda5269bcf,81dfcf88-c739-4461-9d16-931f8d51a8c5,Lindsey P. Horvath,1413469,HORVATH FOR WEHO CITY COUNCIL 2019; RE-ELECT LINDSEY,HORVATH FOR WEHO CITY COUNCIL 2019; RE-ELECT LINDSEY,323,ACTIVE,40002:CONTROLLED,0:N/A,,0.0,"kept confirmed: controlled, no controlling candidate on file and no SOS reports (local committee; loads nothing)"
ac498abd-2490-4708-89ac-bc96a456151f,81dfcf88-c739-4461-9d16-931f8d51a8c5,Lindsey P. Horvath,1328376,"HORVATH FOR WEST HOLLYWOOD CITY COUNCIL 2011, LINDSEY","HORVATH FOR WEST HOLLYWOOD CITY COUNCIL 2011, LINDSEY",323,ACTIVE,40002:CONTROLLED,0:N/A,,0.0,"kept confirmed: controlled, no controlling candidate on file and no SOS reports (local committee; loads nothing)"
e8317f76-955f-45e6-a257-d819c659b058,81dfcf88-c739-4461-9d16-931f8d51a8c5,Lindsey P. Horvath,1372737,HORVATH FOR WEST HOLLYWOOD CITY COUNCIL 2015; LINDSEY,HORVATH FOR WEST HOLLYWOOD CITY COUNCIL 2015; LINDSEY,323,TERMINATED,40002:CONTROLLED,0:N/A,,0.0,"kept confirmed: controlled, no controlling candidate on file and no SOS reports (local committee; loads nothing)"
51e19733-f724-45e7-b1ea-ef69094decb2,ea85dfe3-1092-468e-a799-cb8054c135db,Malia M. Cohen,1456350,COHEN FOR CONTROLLER 2026; MALIA,COHEN FOR CONTROLLER 2026; MALIA,916,ACTIVE,40002:CONTROLLED,0:N/A,MALIA M. COHEN; Malia Cohen,2167428.58,"kept confirmed: controlled by this person, name matches, SOS e-filed reports"
48a90f49-c9ae-4600-b174-43f38f21c6d1,cd3d1dde-aa80-4a9f-aa2b-8a5f94876208,Margaret Clark,1443532,CLARK TO ROSEMEAD CITY COUNCIL JUNE 2022; COMMITTEE TO RE-ELECT MARGARET,CLARK TO ROSEMEAD CITY COUNCIL JUNE 2022; COMMITTEE TO RE-ELECT MARGARET,626,TERMINATED,40002:CONTROLLED,0:N/A,,0.0,"kept confirmed: controlled, no controlling candidate on file and no SOS reports (local committee; loads nothing)"
ad209f36-b994-4914-8fa5-ad8d7507f71f,cd3d1dde-aa80-4a9f-aa2b-8a5f94876208,Margaret Clark,1239976,"CLARK, COMMITTEE TO RE-ELECT MARGARET","CLARK, COMMITTEE TO RE-ELECT MARGARET",626,ACTIVE,40002:CONTROLLED,0:N/A,,0.0,"kept confirmed: controlled, no controlling candidate on file and no SOS reports (local committee; loads nothing)"
de692519-51db-42fe-a5fd-17ad7d8c9b23,bd64253b-0bd1-4b9f-85b1-76180c760d07,Margarita L. Rios,1392737,RIOS FOR NORWALK CITY COUNCIL 2017; MARGARITA,RIOS FOR NORWALK CITY COUNCIL 2017; MARGARITA,562,ACTIVE,40002:CONTROLLED,0:N/A,,0.0,"kept confirmed: controlled, no controlling candidate on file and no SOS reports (local committee; loads nothing)"
8d7251b9-0ff0-47a0-b7f5-a1eb5c16b9fd,9dd2a633-c532-4154-b2b0-9b725fcb292f,Mark A. Waronek,1360330,"WARONEK FOR LOMITA CITY COUNCIL 2013, MARK","WARONEK FOR LOMITA CITY COUNCIL 2013, MARK",310,TERMINATED,40002:CONTROLLED,0:N/A,,0.0,"kept confirmed: controlled, no controlling candidate on file and no SOS reports (local committee; loads nothing)"
052c5f18-ef4b-4695-ac49-2f805d451bab,7ec1b8a2-d0e6-45cc-9af1-17c578f22540,Mendell Thompson,1373883,THOMPSON FOR GLENDORA CITY COUNCIL 2015; MENDELL L.,THOMPSON FOR GLENDORA CITY COUNCIL 2015; MENDELL L.,626,ACTIVE,40002:CONTROLLED,0:N/A,,0.0,"kept confirmed: controlled, no controlling candidate on file and no SOS reports (local committee; loads nothing)"
d40629eb-00b9-406d-b4d5-08752a9bea20,6133e73c-4c33-4cfc-9fd3-de1382729f42,Mike A. Gipson,1448127,GIPSON FOR ASSEMBLY 2022; CALIFORNIANS FOR SOLUTIONS SUPPORTING MIKE,GIPSON FOR ASSEMBLY 2022; CALIFORNIANS FOR SOLUTIONS SUPPORTING MIKE,916,TERMINATED,0:N/A,40102:PRIMARILY FORMED CANDIDATE,Mike Gipson,194000.0,"DISPUTED by CA_0212: Cal-Access category PRIMARILY FORMED CANDIDATE (an independent committee, not theirs)"
8f026ae3-66b3-4eb6-ab71-ef55eca84f99,6133e73c-4c33-4cfc-9fd3-de1382729f42,Mike A. Gipson,1456844,GIPSON FOR ASSEMBLY 2024,GIPSON FOR ASSEMBLY 2024,213,TERMINATED,40002:CONTROLLED,0:N/A,MIKE GIPSON,1218884.22,"kept confirmed: controlled by this person, name matches, SOS e-filed reports"
e6878739-aa1d-4460-8cde-a2c2b782d474,6133e73c-4c33-4cfc-9fd3-de1382729f42,Mike A. Gipson,1471779,GIPSON FOR BOARD OF EQUALIZATION 2026,GIPSON FOR BOARD OF EQUALIZATION 2026,213,ACTIVE,40002:CONTROLLED,0:N/A,MIKE GIPSON,965827.34,"kept confirmed: controlled by this person, name matches, SOS e-filed reports"
769ee81d-832b-41e4-93c1-8319b631840a,cacdb3e3-f716-4914-9e32-a95cc632af42,Mike Fong,1396821,FONG FOR ASSEMBLY 2018; MIKE,FONG FOR ASSEMBLY 2018; MIKE,323,TERMINATED,40002:CONTROLLED,0:N/A,MICHAEL FONG; Mike Fong,215781.17,"kept confirmed: controlled by this person, name matches, SOS e-filed reports"
a272c665-5d0c-4f49-ba53-86f7aea3a660,83474f06-c501-416d-a870-65d75f0cec9d,Nathan Hochman,1437955,HOCHMAN FOR ATTORNEY GENERAL 2022; NATHAN,HOCHMAN FOR ATTORNEY GENERAL 2022; NATHAN,916,ACTIVE,40002:CONTROLLED,0:N/A,NATHAN HOCHMAN,4128740.62,"kept confirmed: controlled by this person, name matches, SOS e-filed reports"
3f0eb5cf-d76a-4776-9396-ef3a53167cd9,83474f06-c501-416d-a870-65d75f0cec9d,Nathan Hochman,1459571,HOCHMAN FOR LA DISTRICT ATTORNEY 2024; NATHAN,HOCHMAN FOR LA DISTRICT ATTORNEY 2024; NATHAN,949,TERMINATED,40002:CONTROLLED,0:N/A,Nathan Hochman,4003304.58,"kept confirmed: controlled by this person, name matches, SOS e-filed reports"
706688e2-9a81-412b-a883-dbd4586e7f1b,96f91743-def6-436c-9537-a4b836c1b3eb,Nikki Perez,1448423,PEREZ FOR CITY COUNCIL 2022; NIKKI,PEREZ FOR CITY COUNCIL 2022; NIKKI,323,TERMINATED,40002:CONTROLLED,0:N/A,,0.0,"kept confirmed: controlled, no controlling candidate on file and no SOS reports (local committee; loads nothing)"
491ee065-edd4-4d3a-84db-ff1d4f0f08b0,86e513e7-d0a7-4419-8edd-6113629d7998,Oscar de la Torre,1430577,DE LA TORRE FOR SANTA MONICA CITY COUNCIL 2020; OSCAR,DE LA TORRE FOR SANTA MONICA CITY COUNCIL 2020; OSCAR,562,TERMINATED,40002:CONTROLLED,0:N/A,,0.0,"kept confirmed: controlled, no controlling candidate on file and no SOS reports (local committee; loads nothing)"
6133291c-9856-4c46-8b23-f061c14a7bf4,86e513e7-d0a7-4419-8edd-6113629d7998,Oscar de la Torre,1287652,"DE LA TORRE, FAMILIES TO RE-ELECT OSCAR","DE LA TORRE, FAMILIES TO RE-ELECT OSCAR",310,TERMINATED,40002:CONTROLLED,0:N/A,,0.0,"kept confirmed: controlled, no controlling candidate on file and no SOS reports (local committee; loads nothing)"
585fc4f9-fd5a-479c-aafa-199a8b192c46,96b82f1f-649e-4e95-b009-3c34c45ceebd,Patty Lopez,1375150,LOPEZ FOR ASSEMBLY 2016; PATTY,LOPEZ FOR ASSEMBLY 2016; PATTY,213,TERMINATED,40002:CONTROLLED,0:N/A,PATTY LOPEZ,135974.04,"kept confirmed: controlled by this person, name matches, SOS e-filed reports"
3b1aaf42-2584-4f2c-b309-84531db6b0c1,96b82f1f-649e-4e95-b009-3c34c45ceebd,Patty Lopez,1400756,LOPEZ FOR ASSEMBLY SPECIAL ELECTION 2018; PATTY,LOPEZ FOR ASSEMBLY SPECIAL ELECTION 2018; PATTY,213,TERMINATED,40002:CONTROLLED,0:N/A,PATTY LOPEZ,33035.0,"kept confirmed: controlled by this person, name matches, SOS e-filed reports"
e3daa4d7-41a9-4b1b-a1d9-619f40ac26f0,8f5bfaa6-09c6-40b1-99d5-f12953fda21d,Penny Sylvester,1428079,SYLVESTER FOR DALY CITY COUNCIL 2020,SYLVESTER FOR DALY CITY COUNCIL 2020,415,TERMINATED,40002:CONTROLLED,0:N/A,,0.0,"kept confirmed: controlled, no controlling candidate on file and no SOS reports (local committee; loads nothing)"
3bc6cb12-9b37-48c1-a12b-ede026c2286e,8f5bfaa6-09c6-40b1-99d5-f12953fda21d,Penny Sylvester,1387618,SYLVESTER FOR DC COUNCIL 2016,SYLVESTER FOR DC COUNCIL 2016,415,TERMINATED,40002:CONTROLLED,0:N/A,,0.0,"kept confirmed: controlled, no controlling candidate on file and no SOS reports (local committee; loads nothing)"
15b441bd-7cdc-4bbf-941d-5bdef3f39bc4,d64c969e-f458-4387-98b5-1e7af8cb42f0,Pilar Schiavo,1457210,SCHIAVO FOR ASSEMBLY 2024; PILAR,SCHIAVO FOR ASSEMBLY 2024; PILAR,916,TERMINATED,40002:CONTROLLED,0:N/A,PILAR SCHIAVO,4011223.81,"kept confirmed: controlled by this person, name matches, SOS e-filed reports"
30ccc380-7094-4ea5-b574-0bceaa52c413,4c9d7584-4e07-46f7-8f8c-770afc8dce94,Rex Richardson,1359540,"RICHARDSON FOR CITY COUNCIL 2014, REX","RICHARDSON FOR CITY COUNCIL 2014, REX",562,ACTIVE,40002:CONTROLLED,0:N/A,,0.0,"kept confirmed: controlled, no controlling candidate on file and no SOS reports (local committee; loads nothing)"
edf254d7-c78f-4280-9d68-ddb11046bbcf,4c9d7584-4e07-46f7-8f8c-770afc8dce94,Rex Richardson,1393626,RICHARDSON FOR CITY COUNCIL 2018; REX,RICHARDSON FOR CITY COUNCIL 2018; REX,562,TERMINATED,40002:CONTROLLED,0:N/A,,0.0,"kept confirmed: controlled, no controlling candidate on file and no SOS reports (local committee; loads nothing)"
c5d80f27-4410-48d8-bd89-40db03f4018d,4c9d7584-4e07-46f7-8f8c-770afc8dce94,Rex Richardson,1435795,RICHARDSON FOR CITY COUNCIL 2022; REX,RICHARDSON FOR CITY COUNCIL 2022; REX,562,TERMINATED,40002:CONTROLLED,0:N/A,,0.0,"kept confirmed: controlled, no controlling candidate on file and no SOS reports (local committee; loads nothing)"
a5542937-a5bb-44a0-9b78-e1c8e0f3c445,4c9d7584-4e07-46f7-8f8c-770afc8dce94,Rex Richardson,1447859,RICHARDSON FOR LONG BEACH MAYOR 2022; LONG BEACH BUSINESS ALLIANCE IN SUPPORT OF REX,RICHARDSON FOR LONG BEACH MAYOR 2022; LONG BEACH BUSINESS ALLIANCE IN SUPPORT OF REX,213,TERMINATED,0:N/A,40102:PRIMARILY FORMED CANDIDATE,,0.0,"DISPUTED by CA_0212: Cal-Access category PRIMARILY FORMED CANDIDATE (an independent committee, not theirs)"
0a78f7b0-7d8f-4eb1-a01b-737b3a34f00a,4c9d7584-4e07-46f7-8f8c-770afc8dce94,Rex Richardson,1458350,RICHARDSON FOR MAYOR 2022 OFFICEHOLDER ACCOUNT; REX,RICHARDSON FOR MAYOR 2022 OFFICEHOLDER ACCOUNT; REX,562,ACTIVE,40002:CONTROLLED,0:N/A,,0.0,"kept confirmed: controlled, no controlling candidate on file and no SOS reports (local committee; loads nothing)"
080a6278-7fbf-4178-bd25-add4d2d5be50,4c9d7584-4e07-46f7-8f8c-770afc8dce94,Rex Richardson,1443096,RICHARDSON FOR MAYOR 2022; REX,RICHARDSON FOR MAYOR 2022; REX,562,ACTIVE,40002:CONTROLLED,0:N/A,,0.0,"kept confirmed: controlled, no controlling candidate on file and no SOS reports (local committee; loads nothing)"
96954536-6ec0-4e50-80d6-91336bc4b46f,4c9d7584-4e07-46f7-8f8c-770afc8dce94,Rex Richardson,1478758,RICHARDSON FOR MAYOR 2026; REX,RICHARDSON FOR MAYOR 2026; REX,562,ACTIVE,40002:CONTROLLED,0:N/A,,0.0,"kept confirmed: controlled, no controlling candidate on file and no SOS reports (local committee; loads nothing)"
06c18a17-6348-4d78-ab6e-2e6f732fe987,4c9d7584-4e07-46f7-8f8c-770afc8dce94,Rex Richardson,1446966,"RICHARDSON FOR MAYOR, KERR, RICKS-ODDIE AND CARUSO FOR CITY COUNCIL 2022, SPONSORED BY THE LOS ANGELES COUNTY FEDERATION OF LABOR, AFL-CIO; WORKING FAMILIES AND COMMUNITIES IN SUPPORT OF REX","RICHARDSON FOR MAYOR, KERR, RICKS-ODDIE AND CARUSO FOR CITY COUNCIL 2022, SPONSORED BY THE LOS ANGELES COUNTY FEDERATION OF LABOR, AFL-CIO; WORKING FAMILIES AND COMMUNITIES IN SUPPORT OF REX",213,TERMINATED,0:N/A,40102:PRIMARILY FORMED CANDIDATE,,0.0,"DISPUTED by CA_0212: Cal-Access category PRIMARILY FORMED CANDIDATE (an independent committee, not theirs)"
96d3a2cf-a362-41ca-8e60-e6d6ba1a4df1,e3b9af1b-3704-4bc5-a6ef-ab1f814bd29d,Rick Ramirez,1249139,"RAMIREZ - OFFICEHOLDER, FRIENDS OF RICK","RAMIREZ - OFFICEHOLDER, FRIENDS OF RICK",562,TERMINATED,40002:CONTROLLED,0:N/A,RICK RAMIREZ,0.0,"kept confirmed: controlled by this person, no SOS reports"
152dcd0b-693d-43be-9fb0-2a24b0086d66,e3b9af1b-3704-4bc5-a6ef-ab1f814bd29d,Rick Ramirez,1421164,RAMIREZ FOR NORWALK CITY COUNCIL 2024; RICK,RAMIREZ FOR NORWALK CITY COUNCIL 2024; RICK,213,ACTIVE,40002:CONTROLLED,0:N/A,,0.0,"kept confirmed: controlled, no controlling candidate on file and no SOS reports (local committee; loads nothing)"
cace3a89-9917-4b0b-baab-68d2e47d93ac,8b183a30-3afb-4d9e-aa40-aa2ad2c674aa,Rob Bonta,1414291,BONTA FOR ASSEMBLY 2020; ROB,BONTA FOR ASSEMBLY 2020; ROB,510,TERMINATED,40002:CONTROLLED,0:N/A,ROB BONTA,1449501.51,"kept confirmed: controlled by this person, name matches, SOS e-filed reports"
d6a346db-479b-4fe2-a1ec-c0e58c674958,f2a863a9-ce21-453a-9d2b-fc7282307eb0,Robert Gin,1450797,"GIN FOR ALHAMBRA UNIFIED SCHOOL DISTRICT 2022 BOARD OF EDUCATION, DISTRICT 4; BOB","GIN FOR ALHAMBRA UNIFIED SCHOOL DISTRICT 2022 BOARD OF EDUCATION, DISTRICT 4; BOB",323,TERMINATED,40002:CONTROLLED,0:N/A,,0.0,"kept confirmed: controlled, no controlling candidate on file and no SOS reports (local committee; loads nothing)"
88c63c33-755f-4d8c-8956-2bac6011eed6,21975878-739e-452b-8bf7-95919680462a,Robert Luna,1442721,LUNA FOR SHERIFF 2022,LUNA FOR SHERIFF 2022,562,TERMINATED,40002:CONTROLLED,0:N/A,,0.0,"kept confirmed: controlled, no controlling candidate on file and no SOS reports (local committee; loads nothing)"
bf752e3a-6c83-4e5b-aee1-6294f29b6d52,21975878-739e-452b-8bf7-95919680462a,Robert Luna,1479270,LUNA FOR SHERIFF 2026,LUNA FOR SHERIFF 2026,213,ACTIVE,40002:CONTROLLED,0:N/A,,0.0,"kept confirmed: controlled, no controlling candidate on file and no SOS reports (local committee; loads nothing)"
a183ba71-6641-4339-a243-890087faa473,92ad78e2-845b-4fbf-9a58-01347b8c81db,Robert Pullen-Miles,1395721,PULLEN-MILES FOR BOARD OF EQUALIZATION 2018; ROBERT,PULLEN-MILES FOR BOARD OF EQUALIZATION 2018; ROBERT,310,TERMINATED,40002:CONTROLLED,0:N/A,ROBERT E. PULLEN-MILES; Robert Pullen-Miles,28225.0,"kept confirmed: controlled by this person, name matches, SOS e-filed reports"
89259cd5-7697-42b7-acbc-763c7198db59,92ad78e2-845b-4fbf-9a58-01347b8c81db,Robert Pullen-Miles,1257638,"PULLEN-MILES FOR CITY COUNCIL 2016, FRIENDS OF ROBERT","PULLEN-MILES FOR CITY COUNCIL 2016, FRIENDS OF ROBERT",310,TERMINATED,40002:CONTROLLED,0:N/A,,0.0,"kept confirmed: controlled, no controlling candidate on file and no SOS reports (local committee; loads nothing)"
bfeef88f-fc5f-4856-9edd-29a77a389d3f,9fe24d34-87c6-400e-8d81-b94646753b1d,Samuel Gallucci,1439469,GALLUCCI FOR GOVERNOR 2021,GALLUCCI FOR GOVERNOR 2021,949,TERMINATED,40002:CONTROLLED,0:N/A,SAMUEL L. GALLUCCI; Sam Gallucci,180045.0,"kept confirmed: controlled by this person, name matches, SOS e-filed reports"
a05c62cc-a857-4c88-8812-1ba49df03ea3,fcafc695-2a41-41c0-831d-da28c5bf3c9e,Scott Schmerelson,1457605,SCHMERELSON FOR SCHOOL BOARD 2024,SCHMERELSON FOR SCHOOL BOARD 2024,323,ACTIVE,40002:CONTROLLED,0:N/A,,0.0,"kept confirmed: controlled, no controlling candidate on file and no SOS reports (local committee; loads nothing)"
6455ecc8-55b0-492d-b53a-d2387806b8c9,f299af69-895e-4729-8bf3-439b4036acbd,Sergio Jimenez,1381456,JIMENEZ FOR CITY COUNCIL 2016; SERGIO,JIMENEZ FOR CITY COUNCIL 2016; SERGIO,408,TERMINATED,40002:CONTROLLED,0:N/A,,0.0,"kept confirmed: controlled, no controlling candidate on file and no SOS reports (local committee; loads nothing)"
4b9b390e-b4ac-4e62-87a4-2b6238c88ac3,f299af69-895e-4729-8bf3-439b4036acbd,Sergio Jimenez,1419734,JIMENEZ FOR SAN JOSE CITY COUNCIL 2020; SERGIO,JIMENEZ FOR SAN JOSE CITY COUNCIL 2020; SERGIO,408,TERMINATED,40002:CONTROLLED,0:N/A,,0.0,"kept confirmed: controlled, no controlling candidate on file and no SOS reports (local committee; loads nothing)"
ff25f4fa-7601-41f7-b9c5-4b6ea935a7ce,71acf86b-dbef-4ff9-85a9-310f05c5c896,Stan Liu,1428582,LIU FOR DIAMOND BAR CITY COUNCIL 2020; STAN,LIU FOR DIAMOND BAR CITY COUNCIL 2020; STAN,626,TERMINATED,40002:CONTROLLED,0:N/A,,0.0,"kept confirmed: controlled, no controlling candidate on file and no SOS reports (local committee; loads nothing)"
cab87581-9fac-49af-ad09-a787d9831115,71acf86b-dbef-4ff9-85a9-310f05c5c896,Stan Liu,1471608,LIU FOR DIAMOND BAR CITY COUNCIL 2024; STAN,LIU FOR DIAMOND BAR CITY COUNCIL 2024; STAN,626,ACTIVE,40002:CONTROLLED,0:N/A,,0.0,"kept confirmed: controlled, no controlling candidate on file and no SOS reports (local committee; loads nothing)"
7d825754-8706-41f8-9cf8-121e51f2ae2b,5bc8e8fb-8784-4d4b-b4d6-e2416a593100,Steve De Ruse,1334376,"DE RUSE TO CITY COUNCIL 2011, ELECT STEVE","DE RUSE TO CITY COUNCIL 2011, ELECT STEVE",714,ACTIVE,40002:CONTROLLED,0:N/A,,0.0,"kept confirmed: controlled, no controlling candidate on file and no SOS reports (local committee; loads nothing)"
df328751-c639-4202-8e3d-9397cc537831,a89f2105-4692-4010-8264-2cf45a14545d,Tom Chavez,1386711,CHAVEZ FOR CERRITOS COLLEGE 2016; TOM,CHAVEZ FOR CERRITOS COLLEGE 2016; TOM,562,TERMINATED,40002:CONTROLLED,0:N/A,,0.0,"kept confirmed: controlled, no controlling candidate on file and no SOS reports (local committee; loads nothing)"
87a46523-c61e-403c-a2c8-f2d367654784,e8bdd8a7-a1b2-43e3-afd4-df975980819e,Tom Lackey,1393205,LACKEY FOR ASSEMBLY 2018,LACKEY FOR ASSEMBLY 2018,209,TERMINATED,40002:CONTROLLED,0:N/A,TOM LACKEY; Thomas Lackey,738669.73,"kept confirmed: controlled by this person, name matches, SOS e-filed reports"
5e5d5dc3-9ad9-4980-9697-905daf27068e,863ef272-ea35-482b-aee2-447c06bd469d,Tony Strickland,1325751,STRICKLAND FOR CONTROLLER 2010,STRICKLAND FOR CONTROLLER 2010,714,TERMINATED,40002:CONTROLLED,0:N/A,TONY STRICKLAND,1973116.43,"kept confirmed: controlled by this person, name matches, SOS e-filed reports"
82d0abd5-b9ed-41bf-9c7d-28feb7ea272e,863ef272-ea35-482b-aee2-447c06bd469d,Tony Strickland,1294413,STRICKLAND FOR SENATE,STRICKLAND FOR SENATE,916,TERMINATED,40002:CONTROLLED,0:N/A,TONY STRICKLAND,4199415.94,"kept confirmed: controlled by this person, name matches, SOS e-filed reports"
bf413d3c-d9e4-436a-a395-5e8924f72d90,f8808ac0-8a9d-4657-8bf7-2ae60d96399c,Tony Thurmond,1395467,THURMOND FOR SUPERINTENDENT OF PUBLIC INSTRUCTION 2018 (REOPENED); TONY,THURMOND FOR SUPERINTENDENT OF PUBLIC INSTRUCTION 2018 (REOPENED); TONY,510,TERMINATED,40002:CONTROLLED,0:N/A,TONY THURMOND,3674557.2,"kept confirmed: controlled by this person, name matches, SOS e-filed reports"
1da68bb7-4907-4386-8b5b-fe2c9e78bbe2,d0977350-df68-4cfe-822e-816ba13f9213,Traci Park,1477137,PARK FOR CITY COUNCIL 2026; TRACI,PARK FOR CITY COUNCIL 2026; TRACI,323,ACTIVE,40002:CONTROLLED,0:N/A,,0.0,"kept confirmed: controlled, no controlling candidate on file and no SOS reports (local committee; loads nothing)"
dc493c41-5a0f-46bd-87de-f1999beed839,dc7f4747-abc2-4a1a-8d65-c1d4d5b609d2,Valerie Munoz,1369542,"MUNOZ FOR LA PUENTE CITY COUNCIL 2018, VALERIE","MUNOZ FOR LA PUENTE CITY COUNCIL 2018, VALERIE",626,ACTIVE,40002:CONTROLLED,0:N/A,,0.0,"kept confirmed: controlled, no controlling candidate on file and no SOS reports (local committee; loads nothing)"
2feeb3e5-49a0-43cb-a1b1-5339cb73b75e,4384a5d8-68b2-4e24-81e2-5208f5c61a34,Victor A. Sanchez,1420399,SANCHEZ FOR BELLFLOWER COUNCIL 2024; VICTOR A,SANCHEZ FOR BELLFLOWER COUNCIL 2024; VICTOR A,562,ACTIVE,40002:CONTROLLED,0:N/A,,0.0,"kept confirmed: controlled, no controlling candidate on file and no SOS reports (local committee; loads nothing)"
ad12c66b-17e9-4280-9fa9-f09a7c44932e,447ef220-cb9e-4ade-aba8-9dea87ed9931,Victor M. Gordo,1421732,GORDO FOR MAYOR 2020; VICTOR,GORDO FOR MAYOR 2020; VICTOR,626,ACTIVE,40002:CONTROLLED,0:N/A,,0.0,"kept confirmed: controlled, no controlling candidate on file and no SOS reports (local committee; loads nothing)"
7fc98d49-2468-4bed-80ba-4d7b937a6a03,447ef220-cb9e-4ade-aba8-9dea87ed9931,Victor M. Gordo,1227791,"GORDO, NEIGHBORS AND FRIENDS FOR","GORDO, NEIGHBORS AND FRIENDS FOR",818,TERMINATED,40002:CONTROLLED,0:N/A,,0.0,"kept confirmed: controlled, no controlling candidate on file and no SOS reports (local committee; loads nothing)"
3d47d3c4-b329-4567-8aec-868a4be92428,6454b303-add3-4ab6-8ca8-42e60109bdb3,Victoria Garcia,1469338,GARCIA FOR ASSEMBLY 2024; VICTORIA,GARCIA FOR ASSEMBLY 2024; VICTORIA,619,ACTIVE,40002:CONTROLLED,0:N/A,VICTORIA GARCIA,27204.07,"kept confirmed: controlled by this person, name matches, SOS e-filed reports"
d648d262-2c66-4515-a43a-39556e847476,6454b303-add3-4ab6-8ca8-42e60109bdb3,Victoria Garcia,1453888,GARCIA FOR CITY COUNCIL 2022; VICTORIA,GARCIA FOR CITY COUNCIL 2022; VICTORIA,818,TERMINATED,40002:CONTROLLED,0:N/A,,0.0,"kept confirmed: controlled, no controlling candidate on file and no SOS reports (local committee; loads nothing)"
053d24aa-27d7-4b36-bcd9-5d232b8b18d9,6454b303-add3-4ab6-8ca8-42e60109bdb3,Victoria Garcia,1465667,GARCIA FOR CITY COUNCIL 2024; VICTORIA,GARCIA FOR CITY COUNCIL 2024; VICTORIA,818,ACTIVE,40002:CONTROLLED,0:N/A,VICTORIA GARCIA,6138.0,"kept confirmed: controlled by this person, name matches, SOS e-filed reports"
